,Symbol
0,YI
1,PIH
2,PIHPP
3,TURN
4,FLWS
5,FCCY
6,SRCE
7,VNET
8,TWOU
9,TPNL
10,JOBS
11,EGHT
12,AAON
13,ABEO
14,ABEOW
15,ABIL
16,ABMD
17,AXAS
18,ACIU
19,ACIA
20,ACTG
21,ACHC
22,ACAD
23,ACST
24,AXDX
25,XLRN
26,ANCX
27,ARAY
28,ACRX
29,ACER
30,ACET
31,AKAO
32,ACHV
33,ACHN
34,ACIW
35,ACRS
36,ACMR
37,ACNB
38,ACOR
39,ATVI
40,ADMS
41,ADMP
42,ADAP
43,ADUS
44,AEY
45,IOTS
46,ADIL
47,ADILW
48,ADMA
49,ADBE
50,ADOM
51,ADTN
52,ADRO
53,ADES
54,AEIS
55,AMD
56,ADXS
57,ADVM
58,ACT
59,DWMC
60,DWSH
61,AEGN
62,AGLE
63,AEHR
64,AMTX
65,AERI
66,AVAV
67,ARPO
68,AEZS
69,AEMD
70,GNMX
71,AFMD
72,AGEN
73,AGRX
74,AGYS
75,AGIO
76,AGMH
77,AGNC
78,AGNCB
79,AGNCN
80,AGFS
81,AGFSW
82,ALRN
83,AIMT
84,AIRT
85,ATSG
86,AIRG
87,AMCN
88,AKAM
89,AKTX
90,AKCA
91,AKBA
92,AKER
93,AKRX
94,AKTS
95,ALRM
96,ALSK
97,ALAC
98,ALACR
99,ALACU
100,ALACW
101,ALBO
102,ABDC
103,ALDR
104,ALDX
105,ALXN
106,ALCO
107,ALGN
108,ALIM
109,ALYA
110,ALJJ
111,ALKS
112,ALLK
113,ABTX
114,ALGT
115,ALGR
116,ALGRR
117,ALGRU
118,ALGRW
119,ALNA
120,AMMA
121,ARLP
122,AHPI
123,AMOT
124,ALQA
125,ALLO
126,ALLT
127,MDRX
128,ALNY
129,AOSL
130,GOOG
131,GOOGL
132,ATEC
133,ALPN
134,AMR
135,AMRWW
136,AABA
137,ALTR
138,ALT
139,ASPS
140,AIMC
141,ALTM
142,ALTMW
143,ALZH
144,AMAG
145,AMAL
146,AMRN
147,AMRK
148,AMZN
149,AMBC
150,AMBCW
151,AMBA
152,AMCX
153,AMCIU
154,DOX
155,AMED
156,UHAL
157,AMRH
158,AMRHW
159,ATAX
160,AMOV
161,AAL
162,AETI
163,AFIN
164,AMNB
165,ANAT
166,AOBC
167,APEI
168,ARII
169,AMRB
170,AMSWA
171,AMSC
172,AMWD
173,CRMT
174,ABCB
175,AMSF
176,ASRV
177,ASRVP
178,ATLO
179,AMGN
180,FOLD
181,AMKR
182,AMPH
183,IBUY
184,ASYS
185,AMRS
186,ADI
187,ANAB
188,AVXL
189,ANGI
190,ANGO
191,ANIP
192,ANIK
193,ANIX
194,ANSS
195,ATRS
196,APLS
197,APOG
198,APEN
199,AINV
200,AMEH
201,APPF
202,APPN
203,AAPL
204,ARCI
205,APDN
206,APDNW
207,AGTC
208,AMAT
209,AAOI
210,AREX
211,APTI
212,APRI
213,APVO
214,APTX
215,APTO
216,AQMS
217,AQB
218,AQST
219,AQXP
220,ARDM
221,PETX
222,ARAV
223,ABUS
224,ARCW
225,ABIO
226,RKDA
227,ARCB
228,ACGL
229,ACGLO
230,ACGLP
231,FUV
232,ARCE
233,ARCT
234,ARDX
235,ARNA
236,ARCC
237,ARGX
238,ARDS
239,ARKR
240,ARTX
241,ARQL
242,ARRY
243,ARRS
244,AROW
245,DWAT
246,DWCR
247,ARWR
248,ASNS
249,ARTNA
250,ARTW
251,ARVN
252,ARYA
253,ARYAU
254,ARYAW
255,ASNA
256,ASND
257,ASCMA
258,APWC
259,ASLN
260,ASML
261,ASPU
262,AZPN
263,ASMB
264,ASRT
265,ASFI
266,ASTE
267,ATRO
268,ALOT
269,ASTC
270,ASUR
271,ASV
272,ATAI
273,ATRA
274,ATHN
275,ATNX
276,ATHX
277,AAME
278,ACBI
279,AY
280,ATLC
281,AAWW
282,AFH
283,AFHBL
284,TEAM
285,ATNI
286,ATOM
287,ATOS
288,ATRC
289,ATRI
290,ATIS
291,ATISW
292,ATTU
293,LIFE
294,AUBN
295,BOLD
296,AUDC
297,AEYE
298,AUPH
299,EARS
300,JG
301,ADSK
302,AUTL
303,ADP
304,AUTO
305,AVDL
306,AVCO
307,ATXI
308,AVEO
309,AVNW
310,CDMO
311,CDMOP
312,AVID
313,AVGR
314,CAR
315,AHPA
316,AHPAU
317,AHPAW
318,AVT
319,AVRO
320,AWRE
321,ACLS
322,AXGN
323,AAXN
324,AXNX
325,AXON          
326,AXSM
327,AXTI
328,AYTU
329,AZRX
330,BCOM
331,RILY
332,RILYG
333,RILYH
334,RILYI
335,RILYL
336,RILYZ
337,BOSC
338,BIDU
339,BCPC
340,BLDP
341,BANF
342,BANFP
343,BCTF
344,BAND
345,BFC
346,BOCH
347,BMRC
348,BMLP
349,BKSC
350,BOTJ
351,OZK
352,BSVN
353,BFIN
354,BWFG
355,BANR
356,BZUN
357,DFVL
358,DFVS
359,DLBS
360,DTUL
361,DTUS
362,DTYL
363,DTYS
364,FLAT
365,STPP
366,TAPR
367,BBSI
368,BSET
369,ZTEST
370,BCML
371,BCBP
372,BECN
373,BBGI
374,BBBY
375,BGNE
376,BELFA
377,BELFB
378,BLPH
379,BLCM
380,BNCL
381,BNFT
382,BNTC
383,BNTCW
384,BRY
385,BYSI
386,BGCP
387,BGCPV
388,BGFV
389,BRPA
390,BRPAR
391,BRPAU
392,BRPAW
393,BILI
394,BASI
395,ORPN
396,BIOC
397,BCRX
398,BDSI
399,BFRA
400,BIIB
401,BHTG
402,BKYI
403,BIOL
404,BLFS
405,BLRX
406,BMRN
407,BMRA
408,BNGO
409,BNGOW
410,BVXV
411,BVXVW
412,BPTH
413,BIOS
414,BSGM
415,BSTC
416,TECH
417,BEAT
418,BTAI
419,BCAC
420,BCACR
421,BCACU
422,BCACW
423,BJRI
424,BBOX
425,BRAC
426,BRACR
427,BRACU
428,BRACW
429,BLKB
430,BL
431,BKCC
432,TCPC
433,BLNK
434,BLNKW
435,BLMN
436,BCOR
437,BLBD
438,BHBK
439,BLUE
440,BKEP
441,BKEPP
442,BPMC
443,ITEQ
444,BMCH
445,WIFI
446,BOJA
447,BOKF
448,BOKFL
449,BNSO
450,BKNG
451,BRQS
452,BOMN
453,BPFH
454,EPAY
455,BOXL
456,BWMCU
457,BCLI
458,BVNSC
459,BDGE
460,BLIN          
461,BWB
462,BRID
463,BCOV
464,BHF
465,BHFAL
466,AVGO
467,BVSN
468,BYFC
469,BWEN
470,BPY
471,BPR
472,BPRAP
473,BRKL
474,BRKS
475,DOOO
476,BRKR
477,BMTC
478,BLMT
479,BSQR
480,BLDR
481,BFST
482,CFFI
483,CHRW
484,CCMP
485,CDNS
486,CDZI
487,CZR
488,CSTE
489,CLBS
490,CHY
491,CHI
492,CCD
493,CHW
494,CGO
495,CSQ
496,CAMP
497,CVGW
498,CALA
499,CALM
500,CLMT
501,CRUSC
502,CLXT
503,ABCD
504,CATC
505,CAC
506,CAMT
507,CSIQ
508,CGIX
509,CPHC
510,CBNK
511,CCBG
512,CPLP
513,CSWC
514,CSWCL
515,CPTA
516,CPTAG
517,CPTAL
518,CFFN
519,CAPR
520,CSTR
521,CPST
522,CARA
523,CBLK
524,CARB
525,CSII
526,CDLX
527,CATM
528,CDNA
529,CECO
530,CTRE
531,CARG
532,CARO
533,CART
534,CRZO
535,TAST
536,CARV
537,CASM
538,CASA
539,CWST
540,CASY
541,CASI
542,CASS
543,CATB
544,CBIO
545,CPRX
546,CATS
547,CATY
548,CATYW
549,CGVIC
550,CIVEC
551,CVCO
552,CBFV
553,CBAT
554,CBMB
555,CBOE
556,CBTX
557,CDK
558,CDTI
559,CDW
560,CECE
561,CELC
562,CELG
563,CELGZ
564,CLDX
565,APOP
566,APOPW
567,CLRB
568,CLRBW
569,CLRBZ
570,CLLS
571,CBMG
572,CLSN
573,CELH
574,CYAD
575,CETX
576,CETXP
577,CETXW
578,CDEV
579,CSFL
580,CETV
581,CFBK
582,CENT
583,CENTA
584,CVCY
585,CNTX
586,CTRC
587,CENX
588,CNBKA
589,CNTY
590,CRNT
591,CERC
592,CERN
593,CERS
594,KOOL
595,CEVA
596,CSBR
597,CYOU
598,BURG
599,CTHR
600,GTLS
601,CHTR
602,CTAC
603,CTACU
604,CTACW
605,CHKP
606,CHEK
607,CHEKW
608,CHEKZ
609,CKPT
610,CEMI
611,CHFC
612,CCXI
613,CHMG
614,CHKE
615,CHFS
616,CHMA
617,CSSE
618,CSSEP
619,PLCE
620,CMRX
621,CADC
622,CAAS
623,CBPO
624,CCCL
625,GLG
626,CCRC
627,JRJC
628,HGSH
629,CIFS
630,CJJD
631,CLDC
632,CHNR
633,CREG
634,CNTF
635,CXDC
636,CCIH
637,CNET
638,IMOS
639,CDXC
640,CHSCL
641,CHSCM
642,CHSCN
643,CHSCO
644,CHSCP
645,CHDN
646,CHUY
647,CDTX
648,CMCT
649,CMCTP
650,CMPR
651,CINF
652,CIDM
653,CTAS
654,CRUS
655,CSCO
656,CTRN
657,CTXR
658,CTXRW
659,CZNC
660,CZWI
661,CZFC
662,CIZN
663,CTXS
664,CHCO
665,CIVB
666,CIVBP
667,CLAR
668,CLNE
669,CLFD
670,CLRO
671,CLSD
672,CLIR
673,CLIRW
674,CMTA
675,CBLI
676,CLVS
677,CLPS
678,CMFN
679,CMFNL
680,CMSS
681,CMSSR
682,CMSSU
683,CMSSW
684,CME
685,CCNE
686,CCB
687,COKE
688,COCP
689,CODA
690,CDXS
691,CODX
692,CVLY
693,JVA
694,CCOI
695,CGNX
696,CTSH
697,CWBR
698,COHR
699,CHRS
700,COHU
701,CLCT
702,COLL
703,CIGI
704,CLGN
705,CBAN
706,COLB
707,CLBK
708,COLM
709,CMCO
710,CMCSA
711,CCNI
712,CBSH
713,CBSHP
714,CVGI
715,COMM
716,JCS
717,ESXB
718,CFBI
719,CYHHZ
720,CTBI
721,CWBC
722,CVLT
723,CGEN
724,CPSI
725,CTG
726,SCOR
727,CHCI
728,CMTL
729,CNAT
730,CNCE
731,CDOR
732,CFMS
733,CNFR
734,CNFRL
735,CNMD
736,CTWS
737,CNOB
738,CONN
739,CNSL
740,CWCO
741,CNAC
742,CNACR
743,CNACU
744,CNACW
745,CNST
746,ROAD
747,CPSS
748,CFRX
749,CTRV
750,CTRL
751,CVON
752,AWSM
753,CPRT
754,CRBP
755,CORT
756,CORE
757,CSOD
758,CORV
759,CRVL
760,CRVS
761,CSGP
762,COST
763,CPAH
764,ICBK
765,COUP
766,CVTI
767,COWN
768,COWNL
769,COWNZ
770,PMTS
771,CPSH
772,CRAI
773,CBRL
774,BREW
775,CRAY
776,CREX
777,CREXW
778,CACC
779,DGLD
780,DSLV
781,GLDI
782,SLVO
783,TVIX
784,UGLD
785,USLV
786,USOI
787,VIIX
788,ZIV
789,CREE
790,CRESY
791,CRNX
792,CRSP
793,CRTO
794,CROX
795,CRON
796,CCRN
797,CRWS
798,CYRX
799,CYRXW
800,CSGS
801,CCLP
802,CSPI
803,CSWI
804,CSX
805,CTIC
806,CTIB
807,CTRP
808,CUE
809,CUI
810,CPIX
811,CMLS
812,CRIS
813,CUTR
814,CVBF
815,CVV
816,CYAN
817,CYBR
818,CYBE
819,CYCC
820,CYCCP
821,CBAY
822,CY
823,CYRN
824,CONE
825,CYTK
826,CTMX
827,CYTX
828,CYTXW
829,CYTXZ
830,CTSO
831,CYTR
832,DJCO
833,DAKT
834,DARE
835,DRIO
836,DRIOW
837,DZSI
838,DSKE
839,DSKEW
840,DAIO
841,DWCH
842,PLAY
843,DTEA
844,DFNL
845,DINT
846,DUSA
847,DWLD
848,DWSN
849,DBVT
850,DDMX
851,DDMXU
852,DDMXW
853,DCPH
854,DFRG
855,TACO
856,TACOW
857,DMPI
858,DELT
859,DNLI
860,DENN
861,XRAY
862,DERM
863,DEST
864,DXLG
865,DSWL
866,DTRM
867,DXCM
868,DFBH
869,DFBHU
870,DFBHW
871,DHXM
872,DHIL
873,FANG
874,DCIX
875,DRNA
876,DFFN
877,DGII
878,DMRC
879,DRAD
880,DGLY
881,APPS
882,DCOM
883,DIOD
884,DISCA
885,DISCB
886,DISCK
887,DISH
888,DVCR
889,SAUC
890,DLHC
891,BOOM
892,DNBF
893,DOCU
894,DOGZ
895,DLTR
896,DLPN
897,DLPNW
898,DOMO
899,DGICA
900,DGICB
901,DMLP
902,DORM
903,DOVA
904,LYL
905,DOTA
906,DOTAR
907,DOTAU
908,DOTAW
909,DBX
910,DCAR
911,DRYS
912,DSPG
913,DLTH
914,DNKN
915,DRRX
916,DXPE
917,DYSL
918,DYNT
919,DVAX
920,ETFC
921,SSP
922,EBMT
923,EGBN
924,EGLE
925,EFBI
926,EGRX
927,EWBC
928,EML
929,EAST
930,EVGBC
931,EVSTC
932,EVFTC
933,EVLMC
934,OKDCC
935,EBAY
936,EBAYL
937,EBIX
938,ECHO
939,SATS
940,EEI
941,ESES
942,EDAP
943,EDGE
944,EDNT
945,EDIT
946,EDTX
947,EDTXU
948,EDTXW
949,EDUC
950,EGAN
951,EHTH
952,EIDX
953,EIGR
954,EKSO
955,LOCO
956,EMITF
957,ESLT
958,ERI
959,SOLO
960,SOLOW
961,ESIO
962,ECOR
963,EA
964,EFII
965,ELSE
966,ESBK
967,ELOX
968,ELTK
969,EMCI
970,EMCF
971,EMKR
972,EMMS
973,NYNY
974,ENTA
975,ECPG
976,WIRE
977,ENDP
978,ECYT
979,ELGX
980,NDRA
981,NDRAW
982,EIGI
983,WATT
984,EFOI
985,ERII
986,ENG
987,ENPH
988,ESGR
989,ESGRP
990,ETTX
991,ENFC
992,ENTG
993,ENTX
994,ENTXW
995,EBTC
996,EFSC
997,EPZM
998,PLUS
999,EQ
1000,EQIX
1001,EQBK
1002,ERIC
1003,ERIE
1004,ERYP
1005,ESCA
1006,ESPR
1007,ESQ
1008,ESSA
1009,EPIX
1010,ESND
1011,ESTA
1012,ESTR
1013,ESTRW
1014,CHNA
1015,CNCR
1016,SMCP
1017,VALX
1018,VBND
1019,VUSE
1020,VIDI
1021,ETON
1022,ETSY
1023,CLWT
1024,EDRY
1025,EEFT
1026,ESEA
1027,EVLO
1028,EVBG
1029,EVK
1030,EVER
1031,MRAM
1032,EVLV
1033,EVOP
1034,EVFM
1035,EVGN
1036,EVOK
1037,EOLS
1038,EVOL
1039,EXAS
1040,FLAG
1041,ROBO
1042,XELA
1043,EXEL
1044,EXFO
1045,EXLS
1046,EXPI
1047,EXPE
1048,EXPD
1049,EXPO
1050,ESRX
1051,STAY
1052,XOG
1053,EXTR
1054,EYEG
1055,EYEGW
1056,EYEN
1057,EYPT
1058,EZPW
1059,FFIV
1060,FB
1061,FLMN
1062,FLMNW
1063,DAVE
1064,FANH
1065,FARM
1066,FMAO
1067,FMNB
1068,FAMI
1069,FARO
1070,FAST
1071,FAT
1072,FATE
1073,FBSS
1074,FSAC
1075,FSACU
1076,FSACW
1077,FNHC
1078,FENC
1079,GSM
1080,FFBW
1081,FCSC
1082,FGEN
1083,FDBC
1084,ONEQ
1085,LION
1086,FDUS
1087,FDUSL
1088,FRGI
1089,FITB
1090,FITBI
1091,FISI
1092,FNSR
1093,FNJN
1094,FTACU
1095,FEYE
1096,FBNC
1097,FNLC
1098,FRBA
1099,BUSE
1100,FBIZ
1101,FCAP
1102,FCBP
1103,FCNCA
1104,FCBC
1105,FCCO
1106,FDEF
1107,FFBC
1108,FFBCW
1109,FFIN
1110,THFF
1111,FFNW
1112,FFWM
1113,FGBI
1114,FHB
1115,INBK
1116,INBKL
1117,FIBK
1118,FRME
1119,FMBH
1120,FMBI
1121,FNWB
1122,FSFG
1123,FSLR
1124,FAB
1125,FAD
1126,FEX
1127,FMK
1128,FNK
1129,FNX
1130,FNY
1131,FTA
1132,FTC
1133,FYC
1134,FYT
1135,FYX
1136,FBZ
1137,FCA
1138,FCAN
1139,FDT
1140,FDTS
1141,FEM
1142,FEMS
1143,FEP
1144,FEUZ
1145,FGM
1146,FHK
1147,FJP
1148,FKO
1149,FKU
1150,FLN
1151,FPA
1152,FSZ
1153,NFTY
1154,DWPP
1155,FTCS
1156,QABA
1157,QCLN
1158,QQEW
1159,QQXT
1160,QTEC
1161,TUSA
1162,BICK
1163,CARZ
1164,CIBR
1165,FDNI
1166,FONE
1167,FPXE
1168,FPXI
1169,FTAG
1170,FTRI
1171,GRID
1172,SKYY
1173,FCAL
1174,FEMB
1175,FMB
1176,FMHI
1177,RFAP
1178,RFDI
1179,RFEM
1180,RFEU
1181,FCVT
1182,FDIV
1183,FTSL
1184,FTSM
1185,HYLS
1186,LMBS
1187,AIRR
1188,DALI
1189,DDIV
1190,DVLU
1191,DVOL
1192,FID
1193,FTHI
1194,FTLB
1195,FTXD
1196,FTXG
1197,FTXH
1198,FTXL
1199,FTXN
1200,FTXO
1201,FTXR
1202,FV
1203,FVC
1204,IFV
1205,LEGR
1206,MDIV
1207,RDVY
1208,RNDM
1209,RNDV
1210,RNEM
1211,RNLC
1212,RNMC
1213,RNSC
1214,ROBT
1215,SDVY
1216,TDIV
1217,FAAR
1218,FTGC
1219,FCEF
1220,FIXD
1221,MCEF
1222,FUNC
1223,FUSB
1224,MYFW
1225,FCFS
1226,SVVC
1227,FSV
1228,FISV
1229,FIVE
1230,FPRX
1231,FVE
1232,FIVN
1233,FLEX
1234,FLKS
1235,FLXN
1236,ASET
1237,ESG
1238,ESGG
1239,LKOR
1240,MBSD
1241,QLC
1242,SKOR
1243,FPAY
1244,FPAYW
1245,FLXS
1246,FLIR
1247,FLNT
1248,FLDM
1249,FFIC
1250,FNCB
1251,FOMX
1252,FOCS
1253,FONR
1254,FSCT
1255,FRSX
1256,FORM
1257,FORTY
1258,FORR
1259,FRTA
1260,FTNT
1261,FBIO
1262,FBIOP
1263,FTSV
1264,FMCI
1265,FMCIU
1266,FMCIW
1267,FWRD
1268,FORD
1269,FWP
1270,FOSL
1271,FOXF
1272,FRAN
1273,FELE
1274,FRED
1275,RAIL
1276,FEIM
1277,FRPT
1278,FTDR
1279,FTEO
1280,FTR
1281,FRPH
1282,FSBW
1283,FSBC
1284,FTD
1285,FTEK
1286,FCEL
1287,FLGT
1288,FORK
1289,FLL
1290,FULT
1291,FNKO
1292,FSNN
1293,FTFT
1294,FFHL
1295,FVCB
1296,WILC
1297,GTHX
1298,FOANC
1299,GRBIC
1300,MOGLC
1301,PETZC
1302,GAIA
1303,GLPG
1304,GALT
1305,GLMD
1306,GMDA
1307,GLPI
1308,GPIC
1309,GRMN
1310,GARS
1311,GLIBA
1312,GLIBP
1313,GDS
1314,GEMP
1315,GENC
1316,GFN
1317,GFNCP
1318,GFNSL
1319,GENE
1320,GNUS
1321,GNMK
1322,GNCA
1323,GHDX
1324,GNPX
1325,GNTX
1326,THRM
1327,GEOS
1328,GABC
1329,GERN
1330,GEVO
1331,ROCK
1332,GIGM
1333,GIII
1334,GILT
1335,GILD
1336,GBCI
1337,GLAD
1338,GLADD
1339,GLADN
1340,GOOD
1341,GOODM
1342,GOODO
1343,GOODP
1344,GAIN
1345,GAINL
1346,GAINM
1347,LAND
1348,LANDP
1349,GLBZ
1350,GBT
1351,ENT
1352,GBLI
1353,GBLIL
1354,GBLIZ
1355,SELF
1356,GWRS
1357,AIQ
1358,ALTY
1359,BFIT
1360,BOTZ
1361,CATH
1362,DRIV
1363,EBIZ
1364,EFAS
1365,FINX
1366,KRMA
1367,LNGR
1368,MILN
1369,QQQC
1370,SNSR
1371,SOCL
1372,SRET
1373,YLCO
1374,GLBS
1375,GLUU
1376,GLYC
1377,GOGO
1378,GLNG
1379,GMLP
1380,GMLPP
1381,DNJR
1382,GDEN
1383,GOGL
1384,GBDC
1385,GTIM
1386,GSHD
1387,GPRO
1388,GPAQ
1389,GPAQU
1390,GPAQW
1391,GRSH
1392,GRSHU
1393,GRSHW
1394,GOV
1395,GOVNI
1396,LOPE
1397,GRVY
1398,GECC
1399,GECCL
1400,GECCM
1401,GEC
1402,GLDD
1403,GSBC
1404,GNBC
1405,GRBK
1406,GPP
1407,GPRE
1408,GCBC
1409,GLAC
1410,GLACR
1411,GLACU
1412,GLACW
1413,GLRE
1414,GRNQ
1415,GSKY
1416,GSUM
1417,GRIF
1418,GRFS
1419,GRIN
1420,GRTS
1421,GRPN
1422,OMAB
1423,GGAL
1424,GVP
1425,GSIT
1426,GSVC
1427,GTXI
1428,GTYH
1429,GTYHU
1430,GTYHW
1431,GBNK
1432,GNTY
1433,GFED
1434,GH
1435,GIFI
1436,GURE
1437,GPOR
1438,GWPH
1439,GWGH
1440,GYRO
1441,HEES
1442,HLG
1443,HNRG
1444,HALL
1445,HALO
1446,HBK
1447,HLNE
1448,HJLI
1449,HJLIW
1450,HWC
1451,HWCPL
1452,HAFC
1453,HQCL
1454,HONE
1455,HLIT
1456,HFGIC
1457,HBIO
1458,HCAP
1459,HCAPZ
1460,HAS
1461,HA
1462,HWKN
1463,HWBK
1464,HYAC
1465,HYACU
1466,HYACW
1467,HAYN
1468,HDS
1469,HIIQ
1470,HCSG
1471,HQY
1472,HSTM
1473,HTLD
1474,HTLF
1475,HTBX
1476,HEBT
1477,HSII
1478,HELE
1479,HMNY
1480,HSDT
1481,HMTV
1482,HNNA
1483,HSIC
1484,HTBK
1485,HFWA
1486,HCCI
1487,MLHR
1488,HRTX
1489,HSKA
1490,HX
1491,HFFG
1492,HIBB
1493,SNLN
1494,HPJ
1495,HIHO
1496,HIMX
1497,HIFS
1498,HSGX
1499,HCCH
1500,HCCHR
1501,HCCHU
1502,HCCHW
1503,HMNF
1504,HMSY
1505,HOLI
1506,HOLX
1507,HBCP
1508,HOMB
1509,HFBL
1510,HMST
1511,HMTA
1512,HTBI
1513,FIXX
1514,HOFT
1515,HOPE
1516,HFBC
1517,HBNC
1518,HZNP
1519,HRZN
1520,DAX
1521,QYLD
1522,HDP
1523,HPT
1524,TWNK
1525,TWNKW
1526,HMHC
1527,HWCC
1528,HOVNP
1529,HBMD
1530,HTGM
1531,HTHT
1532,HUBG
1533,HSON
1534,HDSN
1535,HUNT
1536,HUNTU
1537,HUNTW
1538,HBAN
1539,HBANN
1540,HBANO
1541,HURC
1542,HURN
1543,HCM
1544,HBP
1545,HVBC
1546,HYGS
1547,HYRE
1548,IDSY
1549,IIIV
1550,IAC
1551,IBKC
1552,IBKCO
1553,IBKCP
1554,ICAD
1555,IEP
1556,ICCH
1557,ICFI
1558,ICHR
1559,ICLK
1560,ICLR
1561,ICON
1562,ICUI
1563,IPWR
1564,IDEX
1565,INVE
1566,IDRA
1567,IDXX
1568,IESC
1569,IROQ
1570,IFMK
1571,INFO
1572,IIVI
1573,KANG
1574,IKNX
1575,ILMN
1576,ISNS
1577,IMMR
1578,ICCC
1579,IMDZ
1580,IMGN
1581,IMMU
1582,IMRN
1583,IMRNW
1584,IMMP
1585,IMPV
1586,PI
1587,IMMY
1588,IMV
1589,INCY
1590,INDB
1591,IBCP
1592,IBTX
1593,CLRG
1594,CSML
1595,INDU
1596,INDUU
1597,INDUW
1598,ILPT
1599,IDSA
1600,INFN
1601,INFI
1602,IFRX
1603,III
1604,IEA
1605,IEAWW
1606,IMKTA
1607,INWK
1608,INOD
1609,IPHS
1610,IOSP
1611,INNT
1612,ISSC
1613,INVA
1614,INGN
1615,INOV
1616,INO
1617,INPX
1618,INSG
1619,NSIT
1620,ISIG
1621,INSM
1622,INSE
1623,IIIN
1624,PODD
1625,INSY
1626,NTEC
1627,IART
1628,IDTI
1629,IMTE
1630,INTC
1631,NTLA
1632,IPCI
1633,IPAR
1634,ICPT
1635,IDCC
1636,TILE
1637,LINK
1638,IMI
1639,INAP
1640,IBOC
1641,IMXI
1642,ISCA
1643,IGLD
1644,IIJI
1645,IDXG
1646,XENT
1647,INTX
1648,IVAC
1649,INTL
1650,ITCI
1651,XON
1652,IIN
1653,INTU
1654,ISRG
1655,PDBC
1656,LALT
1657,VRIG
1658,ADRA
1659,ADRD
1660,ADRE
1661,ADRU
1662,DWAQ
1663,PDP
1664,PEY
1665,PEZ
1666,PFI
1667,PFM
1668,PGJ
1669,PHO
1670,PID
1671,PKW
1672,PNQI
1673,PRFZ
1674,PRN
1675,PSL
1676,PTF
1677,PTH
1678,PUI
1679,PXI
1680,PYZ
1681,DWAS
1682,DWIN
1683,DWLV
1684,DWTR
1685,IDLB
1686,IPKW
1687,KBWB
1688,KBWD
1689,KBWP
1690,KBWR
1691,KBWY
1692,LDRI
1693,PAGG
1694,PIE
1695,PIO
1696,PIZ
1697,PLW
1698,PSAU
1699,PSCC
1700,PSCD
1701,PSCE
1702,PSCF
1703,PSCH
1704,PSCI
1705,PSCM
1706,PSCT
1707,PSCU
1708,USLB
1709,QQQ
1710,ISTR
1711,ISBC
1712,ITIC
1713,NVIV
1714,IONS
1715,IOVA
1716,IPAS
1717,IPGP
1718,IPIC
1719,IQ
1720,IRMD
1721,IRTC
1722,IRIX
1723,IRDM
1724,IRDMB
1725,IRBT
1726,IRWD
1727,IRCP
1728,AAXJ
1729,ACWI
1730,ACWX
1731,AIA
1732,AMCA
1733,BGRN
1734,DVY
1735,EMB
1736,EMIF
1737,ENZL
1738,ESGD
1739,ESGU
1740,EUFN
1741,EWZS
1742,FALN
1743,GNMA
1744,HEWG
1745,HYXE
1746,IBB
1747,ICLN
1748,IEF
1749,IEI
1750,IEUS
1751,IFEU
1752,IFGL
1753,IGF
1754,IGIB
1755,IGOV
1756,IGSB
1757,IJT
1758,INDY
1759,ISHG
1760,ISTB
1761,IUSB
1762,IUSG
1763,IUSV
1764,IXUS
1765,JKI
1766,MBB
1767,MCHI
1768,PFF
1769,QAT
1770,SCZ
1771,SDG
1772,SHV
1773,SHY
1774,SLQD
1775,SOXX
1776,SUSB
1777,SUSC
1778,TLT
1779,UAE
1780,USIG
1781,WOOD
1782,XT
1783,COMT
1784,EEMA
1785,EMXC
1786,ESGE
1787,RING
1788,TUR
1789,ISRL
1790,ITI
1791,ITRM
1792,ITRI
1793,ITRN
1794,IVENC
1795,IVFGC
1796,IVFVC
1797,IZEA
1798,JJSF
1799,MAYS
1800,JBHT
1801,JCOM
1802,JKHY
1803,JACK
1804,JAGX
1805,JAKK
1806,JRVR
1807,JSMD
1808,JSML
1809,OLD
1810,ORG
1811,SLIM
1812,JASN
1813,JASNW
1814,JAZZ
1815,JD
1816,JSYN
1817,JSYNR
1818,JSYNU
1819,JSYNW
1820,JRSH
1821,JBLU
1822,JTPY
1823,JCTCF
1824,JMU
1825,JBSS
1826,JOUT
1827,JNCE
1828,KALU
1829,KALA
1830,KALV
1831,KMDA
1832,KNDI
1833,KPTI
1834,KZIA
1835,KBLM
1836,KBLMR
1837,KBLMU
1838,KBLMW
1839,KBSF
1840,KCAP
1841,KCAPL
1842,KRNY
1843,KELYA
1844,KELYB
1845,KMPH
1846,KFFB
1847,KERX
1848,KEQU
1849,KTCC
1850,KZR
1851,KFRC
1852,KE
1853,KBAL
1854,KIN
1855,KGJI
1856,KINS
1857,KNSA
1858,KNSL
1859,KIRK
1860,KTOV
1861,KTOVW
1862,KLAC
1863,KLXE
1864,KOD
1865,KONA
1866,KOPN
1867,KRNT
1868,KOSS
1869,KWEB
1870,KTOS
1871,KRYS
1872,KLIC
1873,KURA
1874,KVHI
1875,FSTR
1876,LJPC
1877,LSBK
1878,LBAI
1879,LKFN
1880,LAKE
1881,LRCX
1882,LAMR
1883,LANC
1884,LNDC
1885,LARK
1886,LMRK
1887,LMRKN
1888,LMRKO
1889,LMRKP
1890,LE
1891,LSTR
1892,LNTH
1893,LTRX
1894,LSCC
1895,LAUR
1896,LAWS
1897,LAZY
1898,LCNB
1899,LPTX
1900,LGCY
1901,LTXB
1902,CACG
1903,DDBI
1904,EDBI
1905,INFR
1906,LRGE
1907,LVHD
1908,SQLV
1909,UDBI
1910,WBND
1911,YLDE
1912,LACQ
1913,LACQU
1914,LACQW
1915,LMAT
1916,TREE
1917,LEVL
1918,LXRX
1919,LX
1920,LFAC
1921,LFACU
1922,LFACW
1923,LGIH
1924,LHCG
1925,LLIT
1926,LBRDA
1927,LBRDK
1928,LEXEA
1929,LEXEB
1930,LBTYA
1931,LBTYB
1932,LBTYK
1933,LILA
1934,LILAK
1935,BATRA
1936,BATRK
1937,FWONA
1938,FWONK
1939,LSXMA
1940,LSXMB
1941,LSXMK
1942,LTRPA
1943,LTRPB
1944,LCUT
1945,LFVN
1946,LWAY
1947,LGND
1948,LTBR
1949,LPTH
1950,LLEX
1951,LMB
1952,LLNW
1953,LMST
1954,LMNR
1955,LINC
1956,LECO
1957,LIND
1958,LINDW
1959,LPCN
1960,YVR
1961,LQDA
1962,LQDT
1963,LFUS
1964,LIVN
1965,LOB
1966,LIVE
1967,LPSN
1968,LIVX
1969,LKQ
1970,LMFA
1971,LMFAW
1972,LOGC
1973,LOGI
1974,LOGM
1975,LONE
1976,LOAC
1977,LOACR
1978,LOACU
1979,LOACW
1980,LOOP
1981,LORL
1982,LOXO
1983,LPLA
1984,LRAD
1985,LYTS
1986,LULU
1987,LITE
1988,LMNX
1989,LUNA
1990,LBC
1991,MBTF
1992,MCBC
1993,MFNC
1994,MTSI
1995,MGNX
1996,MDGL
1997,MAGS
1998,MGLN
1999,MGTA
2000,MGIC
2001,MNGA
2002,MGYR
2003,MHLD
2004,MMYT
2005,MBUU
2006,MLVF
2007,MAMS
2008,TUSK
2009,RPIBC
2010,MANH
2011,LOAN
2012,MNTX
2013,MTEX
2014,MNKD
2015,MANT
2016,MARA
2017,MCHX
2018,MRIN
2019,MARPS
2020,MRNS
2021,MRKR
2022,MKTX
2023,MRLN
2024,MAR
2025,MBII
2026,MRTN
2027,MMLP
2028,MRVL
2029,MASI
2030,MCFT
2031,MTCH
2032,MTLS
2033,MTRX
2034,MAT
2035,MATW
2036,MXIM
2037,MXWL
2038,MZOR
2039,MBFI
2040,MBFIO
2041,MGRC
2042,MDCA
2043,MDRR
2044,MFIN
2045,MFINL
2046,MTBC
2047,MTBCP
2048,MNOV
2049,MDSO
2050,MDGS
2051,MDGSW
2052,MDWD
2053,MEDP
2054,MEIP
2055,MGTX
2056,MLCO
2057,MLNT
2058,MLNX
2059,MELR
2060,MNLO
2061,MTSL
2062,MELI
2063,AMTB
2064,AMTBB
2065,MBWM
2066,MERC
2067,MBIN
2068,MRCY
2069,EBSB
2070,VIVO
2071,MRBK
2072,MMSI
2073,MACK
2074,MRSN
2075,MRUS
2076,MESA
2077,MLAB
2078,MESO
2079,CASH
2080,MEOH
2081,MGEE
2082,MGPI
2083,MBOT
2084,MCHP
2085,MU
2086,MSFT
2087,MSTR
2088,MVIS
2089,MICT
2090,MPB
2091,MTP
2092,MCEP
2093,MBCN
2094,MSEX
2095,MSBI
2096,MSVB
2097,MOFG
2098,MIME
2099,MNDO
2100,MB
2101,NERV
2102,MGEN
2103,MRTX
2104,MSON
2105,MIND
2106,MINDP
2107,MITK
2108,MITL
2109,MKSI
2110,MMAC
2111,MINI
2112,MOBL
2113,MMDM
2114,MMDMR
2115,MMDMU
2116,MMDMW
2117,MOGO
2118,MTEM
2119,MBRX
2120,MNTA
2121,MOMO
2122,MKGI
2123,MCRI
2124,MDLZ
2125,MGI
2126,MDB
2127,MPWR
2128,TYPE
2129,MNRO
2130,MRCC
2131,MRCCL
2132,MNST
2133,MORN
2134,MOR
2135,MOSY
2136,MTFB
2137,MTFBW
2138,MPAA
2139,MOTS
2140,MPVD
2141,MOXC
2142,COOP
2143,MSBF
2144,MTEC
2145,MTECU
2146,MTECW
2147,MTSC
2148,MUDS
2149,MUDSU
2150,MUDSW
2151,LABL
2152,MBIO
2153,MFSF
2154,MVBF
2155,MYSZ
2156,MYL
2157,MYND
2158,MYNDW
2159,MYOK
2160,MYOS
2161,MYRG
2162,MYGN
2163,NBRV
2164,NAKD
2165,NNDM
2166,NANO
2167,NSTG
2168,NAOV
2169,NH
2170,NK
2171,NSSC
2172,NDAQ
2173,NTRA
2174,NATH
2175,NAUH
2176,NKSH
2177,FIZZ
2178,NCMI
2179,NCOM
2180,NESR
2181,NESRW
2182,NGHC
2183,NGHCN
2184,NGHCO
2185,NGHCP
2186,NGHCZ
2187,NHLD
2188,NHLDW
2189,NATI
2190,NRC
2191,NSEC
2192,EYE
2193,NWLI
2194,NAII
2195,NHTC
2196,NATR
2197,BABY
2198,JSM
2199,NAVI
2200,NBTB
2201,NCSM
2202,NEBU
2203,NEBUU
2204,NEBUW
2205,NKTR
2206,NMRD
2207,NEOG
2208,NEO
2209,NTGN
2210,NEON
2211,NEOS
2212,NVCN
2213,NEPT
2214,UEPS
2215,NETE
2216,NTAP
2217,NTES
2218,NFLX
2219,NTGR
2220,NTCT
2221,NTWK
2222,CUR
2223,NBIX
2224,NURO
2225,NUROW
2226,STIM
2227,NTRP
2228,NBEV
2229,NYMT
2230,NYMTN
2231,NYMTO
2232,NYMTP
2233,NEWA
2234,NLNK
2235,NMRK
2236,NMRKV
2237,NWS
2238,NWSA
2239,NEWT
2240,NEWTI
2241,NEWTZ
2242,NXEO
2243,NXEOU
2244,NXEOW
2245,NXST
2246,NEXT
2247,NXGN
2248,NFEC
2249,NODK
2250,EGOV
2251,NICE
2252,NICK
2253,NCBS
2254,NITE
2255,NIHD
2256,NIU
2257,LASR
2258,NMIH
2259,NNBR
2260,NDLS
2261,NDSN
2262,NSYS
2263,NBN
2264,NTIC
2265,NTRS
2266,NTRSP
2267,NFBK
2268,NRIM
2269,NWBI
2270,NWPX
2271,NCLH
2272,NWFL
2273,NVFY
2274,NVMI
2275,NOVN
2276,NOVT
2277,NVAX
2278,NVLN
2279,NVCR
2280,NVMM
2281,NVUS
2282,NUAN
2283,NCNA
2284,NTNX
2285,NTRI
2286,NUVA
2287,NVTR
2288,QQQX
2289,NVEE
2290,NVEC
2291,NVDA
2292,NXPI
2293,NXTM
2294,NXTD
2295,NXTDW
2296,NYMX
2297,OIIM
2298,OVLY
2299,OCSL
2300,OCSLL
2301,OCSI
2302,OASM
2303,OBLN
2304,OBSV
2305,OBCI
2306,OPTT
2307,ORIG
2308,OCFC
2309,OCLR
2310,OFED
2311,OCUL
2312,ODT
2313,OMEX
2314,ODP
2315,OFS
2316,OFSSL
2317,OFSSZ
2318,OCCI
2319,OHAI
2320,OVBC
2321,OHRP
2322,OKTA
2323,ODFL
2324,OLBK
2325,ONB
2326,OPOF
2327,OSBC
2328,OSBCP
2329,OLLI
2330,ZEUS
2331,OFLX
2332,OMER
2333,OMCL
2334,ON
2335,OTIV
2336,ONS
2337,ONSIW
2338,ONCY
2339,OMED
2340,ONTX
2341,ONTXW
2342,ONCS
2343,OHGI
2344,OSS
2345,OSPN
2346,OPBK
2347,OTEX
2348,OPRA
2349,OPES
2350,OPESU
2351,OPESW
2352,OPGN
2353,OPGNW
2354,OPHT
2355,OPNT
2356,OPK
2357,OBAS
2358,OCC
2359,OPRX
2360,OPHC
2361,OPTN
2362,OPB
2363,ORMP
2364,OSUR
2365,ORBC
2366,ORBK
2367,ORTX
2368,ORLY
2369,ONVO
2370,ORGS
2371,SEED
2372,OBNK
2373,OESX
2374,ORIT
2375,ORRF
2376,OFIX
2377,KIDS
2378,OSIS
2379,OSIR
2380,OSMT
2381,OSN
2382,OTEL
2383,OTIC
2384,OTTW
2385,OTTR
2386,OVAS
2387,OSTK
2388,OVID
2389,OXBR
2390,OXBRW
2391,OXFD
2392,OXLC
2393,OXLCM
2394,OXLCO
2395,OXSQ
2396,OXSQL
2397,PFIN
2398,PTSI
2399,PCAR
2400,VETS
2401,PACB
2402,PCB
2403,PEIX
2404,PMBC
2405,PPBI
2406,PCRX
2407,PACW
2408,PTIE
2409,PAAS
2410,PANL
2411,PZZA
2412,FRSH
2413,PRTK
2414,TEUM
2415,PNRL
2416,PCYG
2417,PKBK
2418,PKOH
2419,PTNR
2420,PBHC
2421,PATK
2422,PNBK
2423,PATI
2424,PEGI
2425,PDCO
2426,PTEN
2427,PAVM
2428,PAVMW
2429,PAVMZ
2430,PAYX
2431,PCTY
2432,PYDS
2433,PYPL
2434,PBBI
2435,CNXN
2436,PCMI
2437,PCSB
2438,PCTI
2439,PDCE
2440,PDFS
2441,PDLI
2442,PDLB
2443,PDVW
2444,SKIS
2445,PGC
2446,PEER
2447,PEERW
2448,PEGA
2449,PENN
2450,PVAC
2451,PFLT
2452,PNNT
2453,PWOD
2454,WRLS
2455,WRLSR
2456,WRLSU
2457,WRLSW
2458,PEBO
2459,PEBK
2460,PFIS
2461,PBCT
2462,PBCTP
2463,PUB
2464,KPFS
2465,PEP
2466,PRCP
2467,PRFT
2468,PFMT
2469,PERI
2470,PESI
2471,PPIH
2472,PTX
2473,PGLC
2474,PETQ
2475,PETS
2476,PFSW
2477,PGTI
2478,PHAS
2479,PHII
2480,PHIIK
2481,PAHC
2482,PHIO
2483,PHIOW
2484,PLAB
2485,PICO
2486,PLLL
2487,PIRS
2488,PPC
2489,PDD
2490,PME
2491,PNFP
2492,PT
2493,PPSI
2494,PXLW
2495,EAGL
2496,EAGLU
2497,EAGLW
2498,PLYA
2499,PLXS
2500,PLUG
2501,PLBC
2502,PS
2503,PSTI
2504,PLXP
2505,PBSK
2506,PNTR
2507,PCOM
2508,POLA
2509,PTE
2510,POOL
2511,POPE
2512,BPOP
2513,BPOPM
2514,BPOPN
2515,PTLA
2516,PBPB
2517,PCH
2518,POWL
2519,POWI
2520,ISDS
2521,ISDX
2522,ISEM
2523,IUS
2524,IUSS
2525,PRAA
2526,PRAH
2527,PRAN
2528,PRPO
2529,AIPT
2530,PFBC
2531,PLPC
2532,PFBI
2533,PINC
2534,LENS
2535,PSDO
2536,PRGX
2537,PSMT
2538,PNRG
2539,PRMW
2540,PRIM
2541,BTEC
2542,GENY
2543,PMOM
2544,PSC
2545,PSET
2546,PVAL
2547,PXUS
2548,PY
2549,USMC
2550,PFG
2551,PRNB
2552,PRTH
2553,PRTHU
2554,PRTHW
2555,PDEX
2556,IPDN
2557,PFIE
2558,PGNX
2559,PRGS
2560,PFPT
2561,PRPH
2562,PRQR
2563,BIB
2564,BIS
2565,EQRR
2566,SQQQ
2567,TQQQ
2568,UBIO
2569,ZBIO
2570,PSEC
2571,PTGX
2572,PTVCA
2573,PTVCB
2574,PRTO
2575,PTI
2576,PRTA
2577,PRVB
2578,PVBC
2579,PROV
2580,PBIP
2581,PMD
2582,PTC
2583,PTCT
2584,PULM
2585,PLSE
2586,PBYI
2587,PACQ
2588,PACQU
2589,PACQW
2590,PCYO
2591,PRPL
2592,PXS
2593,QADA
2594,QADB
2595,QCRH
2596,QGEN
2597,QIWI
2598,QRVO
2599,QCOM
2600,QBAK
2601,QLYS
2602,QTNA
2603,QTRX
2604,QTRH
2605,QRHC
2606,QUIK
2607,QDEL
2608,QNST
2609,QUMU
2610,QTNT
2611,QRTEA
2612,QRTEB
2613,QTT
2614,RRD
2615,RCM
2616,RARX
2617,RADA
2618,RDCM
2619,RSYS
2620,RDUS
2621,RDNT
2622,RDWR
2623,METC
2624,RMBS
2625,RAND
2626,GOLD
2627,RNDB
2628,RPD
2629,RAVE
2630,RAVN
2631,RBB
2632,ROLL
2633,RICK
2634,RCMT
2635,RDI
2636,RDIB
2637,RGSE
2638,BCNA
2639,BLCN
2640,RLM
2641,RNWK
2642,RP
2643,RETA
2644,RCON
2645,REPH
2646,RRGB
2647,RRR
2648,RDVT
2649,RDFN
2650,RDHL
2651,REG
2652,REGN
2653,RGNX
2654,RGLS
2655,RBNC
2656,RELV
2657,MARK
2658,RNST
2659,REGI
2660,ABAC
2661,RCII
2662,RGEN
2663,REPL
2664,RBCAA
2665,FRBK
2666,REFR
2667,RSLS
2668,RESN
2669,RECN
2670,HAIR
2671,TORC
2672,ROIC
2673,RETO
2674,RTRX
2675,RVNC
2676,RVEN
2677,RVLT
2678,RWLK
2679,RFIL
2680,RGCO
2681,RYTM
2682,RBBN
2683,RIBT
2684,RIBTW
2685,RELL
2686,RIGL
2687,RNET
2688,RMNI
2689,RIOT
2690,REDU
2691,RTTR
2692,RVSB
2693,RIVE
2694,RCKT
2695,RMTI
2696,RCKY
2697,RMCF
2698,ROKU
2699,ROSE
2700,ROSEU
2701,ROSEW
2702,ROST
2703,RGLD
2704,RTIX
2705,RBCN
2706,RUBY
2707,RMBL
2708,RUSHA
2709,RUSHB
2710,RUTH
2711,RYAAY
2712,STBA
2713,SANW
2714,SCAC
2715,SCACU
2716,SCACW
2717,SBRA
2718,SABR
2719,SAEX
2720,SFET
2721,SAFT
2722,SGA
2723,SAGE
2724,SAIA
2725,SALM
2726,SAL
2727,SAFM
2728,SASR
2729,SGMO
2730,SANM
2731,GCVRZ
2732,SPNS
2733,SRPT
2734,SVRA
2735,SBFG
2736,SBFGP
2737,SBBX
2738,SBAC
2739,SCSC
2740,SMIT
2741,SCHN
2742,SRRK
2743,SCHL
2744,SGMS
2745,SCPH
2746,SCYX
2747,SEAC
2748,SBCF
2749,STX
2750,SHIP
2751,SHIPW
2752,SHOS
2753,SPNE
2754,SGEN
2755,EYES
2756,EYESW
2757,SECO
2758,SCWX
2759,SNFCA
2760,SEIC
2761,SLCT
2762,SIR
2763,SIC
2764,SELB
2765,SIGI
2766,SLS
2767,LEDS
2768,SMTC
2769,SENEA
2770,SENEB
2771,SNES
2772,SNH
2773,SNHNI
2774,SNHNL
2775,AIHS
2776,SRTS
2777,SRTSW
2778,STNL
2779,STNLU
2780,STNLW
2781,SQBG
2782,MCRB
2783,SREV
2784,SFBS
2785,SESN
2786,SVBI
2787,SGBX
2788,SGOC
2789,SEII
2790,SMED
2791,SHSP
2792,SHEN
2793,PIXY
2794,SHLO
2795,TYHT
2796,SHPG
2797,SCVL
2798,SHBI
2799,SSTI
2800,SFLY
2801,SIFI
2802,SIBN
2803,SIEB
2804,SNNA
2805,SIEN
2806,BSRR
2807,SRRA
2808,SWIR
2809,SIFY
2810,SIGA
2811,SGLB
2812,SGLBW
2813,SGMA
2814,SBNY
2815,SBNYW
2816,SLGN
2817,SILC
2818,SLAB
2819,SIMO
2820,SAMG
2821,SSNT
2822,SFNC
2823,SLP
2824,SINA
2825,SBGI
2826,SINO
2827,SVA
2828,SINT
2829,SG
2830,SIRI
2831,SITO
2832,SKYS
2833,SKYW
2834,SWKS
2835,SNBR
2836,SLM
2837,SLMBP
2838,SMSH
2839,SMSHW
2840,SGH
2841,SND
2842,SMBK
2843,SMSI
2844,SMTX
2845,SRAX
2846,SCKT
2847,SODA
2848,SOHU
2849,SLRC
2850,SUNS
2851,SEDG
2852,SLNO
2853,SLNOW
2854,SLGL
2855,SLDB
2856,SNGX
2857,SNGXW
2858,SONC
2859,SOFO
2860,SNOA
2861,SNOAW
2862,SONO
2863,SPHS
2864,SORL
2865,SRNE
2866,SOHO
2867,SOHOB
2868,SOHOO
2869,SOHOK
2870,SFBC
2871,SSB
2872,SFST
2873,SMBC
2874,SONA
2875,SBSI
2876,SP
2877,SGRP
2878,SPKE
2879,SPKEP
2880,ONCE
2881,SPAR
2882,SPTN
2883,DWFI
2884,SPPI
2885,SPRO
2886,ANY
2887,SPEX
2888,SPI
2889,SAVE
2890,STXB
2891,SPLK
2892,SPOK
2893,SPWH
2894,SBPH
2895,FUND
2896,SFM
2897,SPSC
2898,SSNC
2899,SSLJ
2900,SSRM
2901,STAA
2902,STAF
2903,STMP
2904,STND
2905,SBLK
2906,SBLKZ
2907,SBUX
2908,STFC
2909,STBZ
2910,GASS
2911,STCN
2912,STLD
2913,SMRT
2914,STLR
2915,STLRU
2916,STLRW
2917,SBOT
2918,STML
2919,SRCL
2920,SBT
2921,STRL
2922,SHOO
2923,SSFN
2924,SFIX
2925,SYBT
2926,BANX
2927,STNE
2928,SSKN
2929,SSYS
2930,STRA
2931,HNDL
2932,STRT
2933,STRS
2934,STRM
2935,SBBP
2936,SUMR
2937,SMMF
2938,SSBI
2939,SMMT
2940,WISA
2941,SNHY
2942,SNDE
2943,SNSS
2944,STKL
2945,SPWR
2946,RUN
2947,SUNW
2948,SPCB
2949,SCON
2950,SGC
2951,SUPN
2952,SPRT
2953,SURF
2954,SGRY
2955,SRDX
2956,STRO
2957,SIVB
2958,SVMK
2959,SYKE
2960,SYMC
2961,SYNC
2962,SYNL
2963,SYNA
2964,SNCR
2965,SNDX
2966,SYNH
2967,SGYP
2968,SYBX
2969,SNPS
2970,SES
2971,SYPR
2972,SYRS
2973,TROW
2974,TTOO
2975,TRHC
2976,TCMD
2977,TAIT
2978,TLC
2979,TTWO
2980,TLND
2981,TNDM
2982,TLF
2983,TANH
2984,TAOP
2985,TEDU
2986,TATT
2987,TAYD
2988,CGBD
2989,AMTD
2990,PETZ
2991,TECD
2992,TCCO
2993,TTGT
2994,TGLS
2995,TGEN
2996,TNAV
2997,TLGT
2998,TELL
2999,TENB
3000,TENX
3001,TZAC
3002,TZACU
3003,TZACW
3004,TER
3005,TERP
3006,TBNK
3007,TSRO
3008,TSLA
3009,TESS
3010,TTEK
3011,TTPH
3012,TCBI
3013,TCBIL
3014,TCBIP
3015,TCBIW
3016,TXN
3017,TXRH
3018,TFSL
3019,TGTX
3020,ANDE
3021,TBBK
3022,BPRN
3023,CG
3024,TCGP
3025,CAKE
3026,CHEF
3027,TCFC
3028,DSGX
3029,DXYN
3030,ENSG
3031,XONE
3032,FBMS
3033,FLIC
3034,GT
3035,HABT
3036,HCKT
3037,HAIN
3038,CUBA
3039,INTG
3040,JYNT
3041,KEYW
3042,KHC
3043,LOVE
3044,MSG
3045,MDCO
3046,MEET
3047,MIK
3048,MIDD
3049,NAVG
3050,STKS
3051,PRSC
3052,RMR
3053,SMPL
3054,TSG
3055,TTD
3056,ULTI
3057,YORW
3058,NCTY
3059,TXMD
3060,TRPX
3061,TBPH
3062,TST
3063,TCRD
3064,TBRG
3065,TBRGU
3066,TBRGW
3067,TIBR
3068,TIBRU
3069,TIBRW
3070,TTTN
3071,TTS
3072,TLRY
3073,TSBK
3074,TIPT
3075,TITN
3076,TMDI
3077,TTNP
3078,TVTY
3079,TIVO
3080,TLSA
3081,TKKS
3082,TKKSR
3083,TKKSU
3084,TKKSW
3085,TMUS
3086,TMSR
3087,TOCA
3088,TNXP
3089,TISA
3090,TOPS
3091,TRCH
3092,TRMD
3093,TOTA
3094,TOTAR
3095,TOTAU
3096,TOTAW
3097,TBLTU
3098,TSEM
3099,CLUB
3100,TOWN
3101,TPIC
3102,TCON
3103,TSCO
3104,TWMC
3105,TACT
3106,TRNS
3107,TGA
3108,TBIO
3109,TA
3110,TANNI
3111,TANNL
3112,TANNZ
3113,TZOO
3114,TRMT
3115,TRVN
3116,TPCO
3117,TCDA
3118,TCBK
3119,TDAC
3120,TDACU
3121,TDACW
3122,TRIL
3123,TRS
3124,TRMB
3125,TRIB
3126,TMCX
3127,TMCXU
3128,TMCXW
3129,TRIP
3130,TSC
3131,TSCAP
3132,TBK
3133,TRVG
3134,TROV
3135,TRUE
3136,THST
3137,TRUP
3138,TRST
3139,TRMK
3140,TSRI
3141,TTEC
3142,TTMI
3143,TC
3144,TCX
3145,TUES
3146,TOUR
3147,HEAR
3148,TWLV
3149,TWLVR
3150,TWLVU
3151,TWLVW
3152,FOX
3153,FOXA
3154,TWIN
3155,TWST
3156,TRCB
3157,TYME
3158,USCR
3159,PRTS
3160,USEG
3161,GROW
3162,USAU
3163,USWS
3164,USWSW
3165,UBNT
3166,UFPT
3167,ULTA
3168,UCTT
3169,UPL
3170,RARE
3171,ULBI
3172,UMBF
3173,UMPQ
3174,UNAM
3175,UBSH
3176,UNB
3177,QURE
3178,UBCP
3179,UBOH
3180,UBSI
3181,UCBI
3182,UCFC
3183,UAL
3184,UBNK
3185,UFCS
3186,UIHC
3187,UNFI
3188,UBFO
3189,USLM
3190,UTHR
3191,UG
3192,UNIT
3193,UNTY
3194,UBX
3195,OLED
3196,UEIC
3197,UFPI
3198,ULH
3199,USAP
3200,UVSP
3201,UMRX
3202,UPLD
3203,UPWK
3204,UONE
3205,UONEK
3206,URBN
3207,URGN
3208,UROV
3209,ECOL
3210,USAT
3211,USATP
3212,USAK
3213,UTMD
3214,UTSI
3215,UXIN
3216,VCNX
3217,VLRX
3218,VLY
3219,VLYPO
3220,VLYPP
3221,VALU
3222,VNDA
3223,BBH
3224,GNRX
3225,PPH
3226,BND
3227,BNDX
3228,VNQI
3229,VTIP
3230,BNDW
3231,VCIT
3232,VCLT
3233,VCSH
3234,VGIT
3235,VGLT
3236,VGSH
3237,VMBS
3238,VONE
3239,VONG
3240,VONV
3241,VTC
3242,VTHR
3243,VTWG
3244,VTWO
3245,VTWV
3246,VXUS
3247,VIGI
3248,VWOB
3249,VYMI
3250,VEAC
3251,VEACU
3252,VEACW
3253,VREX
3254,VRNS
3255,VBLT
3256,VXRT
3257,VBIV
3258,VTIQ
3259,VTIQU
3260,VTIQW
3261,VECO
3262,VEON
3263,VRA
3264,VCYT
3265,VSTM
3266,VCEL
3267,VRNT
3268,VRSN
3269,VRSK
3270,VBTX
3271,VERI
3272,VRML
3273,VRNA
3274,VRRM
3275,VRRMW
3276,VRCA
3277,VTNR
3278,VRTX
3279,VERU
3280,VIA
3281,VIAB
3282,VSAT
3283,VIAV
3284,VICL
3285,VICR
3286,VCTR
3287,CDC
3288,CDL
3289,CEY
3290,CEZ
3291,CFA
3292,CFO
3293,CID
3294,CIL
3295,CIZ
3296,CSA
3297,CSB
3298,CSF
3299,VSDA
3300,VSMV
3301,VRAY
3302,VKTX
3303,VKTXW
3304,VBFC
3305,VLGEA
3306,VIOT
3307,VNOM
3308,VIRC
3309,VTSI
3310,VIRT
3311,VRTS
3312,VRTSP
3313,BBC
3314,BBP
3315,VRTU
3316,VTGN
3317,VC
3318,VTL
3319,VIVE
3320,VVPR
3321,VVUS
3322,VOD
3323,VOXX
3324,VYGR
3325,VSEC
3326,VTVT
3327,VUZI
3328,WTRH
3329,WTRHW
3330,WBA
3331,WAFD
3332,WASH
3333,WSBF
3334,WVE
3335,WSTG
3336,WCFB
3337,WDFC
3338,WB
3339,WTW
3340,WEBK
3341,WEN
3342,WERN
3343,WSBC
3344,WTBA
3345,WABC
3346,WSTL
3347,WDC
3348,WNEB
3349,WPRT
3350,WWR
3351,WEYS
3352,WHLR
3353,WHLRD
3354,WHLRP
3355,WHLRW
3356,WHF
3357,WHFBZ
3358,WHLM
3359,WVVI
3360,WVVIP
3361,WLDN
3362,WLFC
3363,WLTW
3364,WSC
3365,WIN
3366,WING
3367,WINA
3368,WINS
3369,WTFC
3370,WTFCM
3371,WTFCW
3372,WETF
3373,AGND
3374,AGZD
3375,CXSE
3376,DGRE
3377,DGRS
3378,DGRW
3379,DXGE
3380,DXJS
3381,EMCB
3382,EMCG
3383,GULF
3384,HYND
3385,HYZD
3386,WIX
3387,WWD
3388,WDAY
3389,WKHS
3390,WRLD
3391,WMGI
3392,WMGIZ
3393,WSFS
3394,WVFC
3395,WYNN
3396,XBIT
3397,XELB
3398,XEL
3399,XNCR
3400,XBIO
3401,XENE
3402,XERS
3403,XGTI
3404,XLNX
3405,XOMA
3406,XPER
3407,XSPA
3408,XTLB
3409,XNET
3410,YNDX
3411,YRIV
3412,YTRA
3413,YTEN
3414,YIN
3415,YMAB
3416,YOGA
3417,YGYI
3418,YRCW
3419,YECO
3420,YY
3421,ZFGN
3422,ZAGG
3423,ZLAB
3424,ZEAL
3425,ZBRA
3426,Z
3427,ZG
3428,ZN
3429,ZNWAA
3430,ZION
3431,ZIONW
3432,ZIOP
3433,ZIXI
3434,ZKIN
3435,ZGNX
3436,ZSAN
3437,ZS
3438,ZUMZ
3439,ZYNE
3440,ZNGA
0,DDD
1,MMM
2,WBAI
3,WUBA
4,EGHT
5,AHC
6,ATEN
7,AAC
8,AIR
9,AAN
10,ABB
11,ABT
12,ABBV
13,ANF
14,AGD
15,AWP
16,ACP
17,JEQ
18,AOD
19,ABM
20,AKR
21,ACN
22,ACCO
23,ATV
24,ATU
25,AYI
26,GOLF
27,ADX
28,PEO
29,AGRO
30,ADNT
31,ADT
32,ATGE
33,AAP
34,ADSW
35,WMS
36,ASIX
37,AVK
38,ACM
39,AEB
40,AED
41,AEG
42,AEH
43,AER
44,HIVE
45,AJRD
46,AMG
47,AFL
48,MITT
49,MITT^A
50,MITT^B
51,AGCO
52,A
53,AEM
54,ADC
55,AL
56,APD
57,AYR
58,AKS
59,ALP^Q
60,ALG
61,AGI
62,ALK
63,AIN
64,ALB
65,AA
66,ALEX
67,ALX
68,ARE
69,ARE^D
70,AQN
71,AQNA
72,BABA
73,Y
74,ATI
75,ALLE
76,AGN
77,ALE
78,AKP
79,ADS
80,AFB
81,AWF
82,AB
83,LNT
84,CBH
85,NCV
86,NCV^A
87,NCZ
88,NCZ^A
89,ACV
90,NIE
91,NFJ
92,ALSN
93,ALL
94,ALL^A
95,ALL^B
96,ALL^D
97,ALL^E
98,ALL^F
99,ALL^G
100,ALLY
101,ALLY^A
102,AYX
103,ATUS
104,MO
105,ACH
106,AMBR
107,ABEV
108,AMC
109,AEE
110,AMRC
111,AMOV
112,AMX
113,AAT
114,AXL
115,ACC
116,AEO
117,AEP
118,AEL
119,AXP
120,AFG
121,AFGE
122,AFGH
123,AMH
124,AMH^D
125,AMH^E
126,AMH^F
127,AMH^G
128,AMH^H
129,AIG
130,AIG.WS
131,AMID
132,ARL
133,ARA
134,AWR
135,AMT
136,AVD
137,AWK
138,COLD
139,APU
140,AMP
141,ABC
142,ANFI
143,AMN
144,AMRX
145,AP
146,APH
147,AXR
148,AME
149,AFSI^A
150,AFSI^B
151,AFSI^C
152,AFSI^D
153,AFSI^E
154,AFSI^F
155,AFSS
156,AFST
157,APC
158,PLAN
159,ANDX
160,AU
161,BUD
162,AXE
163,NLY
164,NLY^C
165,NLY^D
166,NLY^F
167,NLY^G
168,NLY^H
169,AMGP
170,AM
171,AR
172,ANTM
173,ANH
174,ANH^A
175,ANH^B
176,ANH^C
177,AON
178,APA
179,AIV
180,AIV^A
181,APY
182,APHA
183,ARI
184,ARI^C
185,APO
186,APO^A
187,APO^B
188,AIY
189,AFT
190,AIF
191,APLE
192,AIT
193,ATR
194,APTV
195,WTR
196,AQ
197,WAAS
198,ARMK
199,ABR
200,ABR^A
201,ABR^B
202,ABR^C
203,ARC
204,MT
205,ARCH
206,ADM
207,AROC
208,ARNC
209,ARCO
210,ACA
211,RCUS
212,ARD
213,ASC
214,AFC
215,ACRE
216,ARDC
217,ARES
218,ARES^A
219,AGX
220,ARGD
221,ARGO
222,ANET
223,AI
224,AI^B
225,AIC
226,AIW
227,ARLO
228,AHH
229,ARR
230,ARR^A
231,ARR^B
232,AFI
233,AWI
234,ARW
235,AJG
236,APAM
237,ASA
238,ABG
239,ASX
240,ASGN
241,AHT
242,AHT^D
243,AHT^F
244,AHT^G
245,AHT^H
246,AHT^I
247,ASH
248,APB
249,ASPN
250,AHL
251,AHL^C
252,AHL^D
253,ASB
254,ASB^C
255,ASB^D
256,ASB^E
257,AC
258,AIZ
259,AIZP
260,AGO
261,AGO^B
262,AGO^E
263,AGO^F
264,AZN
265,HOME
266,T
267,TBB
268,TBC
269,ATTO
270,ATH
271,ATKR
272,AT
273,ATO
274,AUO
275,ACB
276,ATHM
277,ALV
278,AN
279,AZO
280,AVLR
281,AVB
282,AGR
283,AVNS
284,AVYA
285,AVY
286,AVH
287,AVA
288,AVP
289,AVX
290,EQH
291,AXTA
292,AXS
293,AXS^D
294,AXS^E
295,AX
296,AXO
297,AZUL
298,AZRE
299,AZZ
300,BGS
301,BW
302,BGH
303,BMI
304,BCSF
305,BHGE
306,BBN
307,BLL
308,BANC
309,BANC^D
310,BANC^E
311,BBVA
312,BBD
313,BBDO
314,BCH
315,BLX
316,BSBR
317,BSAC
318,BSMX
319,SAN
320,SAN^B
321,CIB
322,BXS
323,BAC
324,BAC.WS.A
325,BAC^A
326,BAC^B
327,BAC^C
328,BAC^E
329,BAC^K
330,BAC^L
331,BAC^W
332,BAC^Y
333,BML^G
334,BML^H
335,BML^J
336,BML^L
337,BOH
338,BMO
339,NTB
340,BK
341,BK^C
342,BNS
343,BKU
344,BCS
345,BCS^D.CL
346,BBDC
347,MCI
348,MPV
349,BNED
350,BKS
351,B
352,ABX
353,BAS
354,BHC
355,BAX
356,BTE
357,BBT
358,BBT^D
359,BBT^E
360,BBT^F
361,BBT^G
362,BBT^H
363,BFR
364,BBX
365,BCE
366,BZH
367,BDX
368,BDXA
369,BDC
370,BDC^B
371,BXE
372,BEL
373,BMS
374,BHE
375,BRK.A
376,BRK.B
377,BHLB
378,BERY
379,BBY
380,BSTI
381,BHP
382,BBL
383,BIG
384,BH
385,BH.A
386,BHVN
387,BIO
388,BIO.B
389,BITA
390,BJ
391,BKH
392,BKI
393,BSM
394,BB
395,BGIO
396,BJZ
397,BFZ
398,CII
399,BHK
400,HYT
401,BTZ
402,DSU
403,BGR
404,BDJ
405,EGF
406,FRA
407,BFO
408,BGT
409,BOE
410,BME
411,BAF
412,BKT
413,BGY
414,BKN
415,BTA
416,BZM
417,MHE
418,BIT
419,MUI
420,MNE
421,MUA
422,BPK
423,BKK
424,BBK
425,BBF
426,BYM
427,BFK
428,BLE
429,BTT
430,MEN
431,MUC
432,MUH
433,MHD
434,MFL
435,MUJ
436,MHN
437,MUE
438,MUS
439,MVT
440,MYC
441,MCA
442,MYD
443,MYF
444,MFT
445,MIY
446,MYJ
447,MYN
448,MPA
449,MQT
450,MYI
451,MQY
452,BNY
453,BLH
454,BQH
455,BSE
456,BFY
457,BCX
458,BST
459,BSD
460,BUI
461,BHV
462,BLK
463,BGB
464,BGX
465,BSL
466,BE
467,APRN
468,BCRH
469,BXG
470,BXC
471,BA
472,BCC
473,BCEI
474,BOOT
475,BAH
476,BWA
477,SAM
478,BXP
479,BXP^B
480,BSX
481,BOX
482,BYD
483,BPMP
484,BP
485,BPT
486,BRC
487,BHR
488,BHR^B
489,BHR^D
490,BDN
491,BWG
492,LND
493,BAK
494,BRFS
495,BPI
496,BGG
497,BFAM
498,BEDU
499,BSA
500,BSIG
501,BV
502,EAT
503,BCO
504,BMY
505,BRS
506,BTI
507,BRX
508,BR
509,BKD
510,BAM
511,BBU
512,DTLA^
513,INF
514,BIP
515,RA
516,BEP
517,BRO
518,BF.A
519,BF.B
520,BRT
521,BC
522,BC^A
523,BT
524,BPL
525,BKE
526,BVN
527,BBW
528,BG
529,BURL
530,BWXT
531,BY
532,CJ
533,GYB
534,PFH
535,CABO
536,CBT
537,COG
538,CACI
539,WHD
540,CADE
541,CAE
542,CAI
543,CAI^A
544,CAI^B
545,CAL
546,CRC
547,CWT
548,CALX
549,ELY
550,CPE
551,CPE^A
552,CBM
553,CPT
554,CCJ
555,CPB
556,CWH
557,GOOS
558,CM
559,CNI
560,CNQ
561,CP
562,CANG
563,CNNE
564,CAJ
565,CGC
566,CMD
567,COF
568,COF^C
569,COF^D
570,COF^F
571,COF^G
572,COF^H
573,COF^P
574,CSU
575,BXMT
576,CIC
577,CIC.U
578,CIC.WS
579,CMO
580,CMO^E
581,CRR
582,CAH
583,CRCM
584,CSL
585,KMX
586,CCL
587,CUK
588,CRS
589,CSV
590,CARS
591,CRI
592,CVNA
593,CSLT
594,CTLT
595,CTT           
596,CAT
597,CATO
598,CBZ
599,CBL
600,CBL^D
601,CBL^E
602,CBO
603,IGR
604,CBRE
605,CBS
606,CBS.A
607,CBX
608,FUN
609,CDR
610,CDR^B
611,CDR^C
612,CE
613,CLS
614,CEL
615,CPAC
616,CX
617,CVE
618,CNC
619,CEN
620,CNP
621,CNP^B
622,EBR
623,EBR.B
624,CEPU
625,CCS
626,CTL
627,CDAY
628,CF
629,GIB
630,ECOM          
631,CHAP
632,CHRA
633,CRL
634,CLDT
635,CMCM
636,CHGG
637,CHE
638,CC
639,CHMI
640,CHMI^A
641,CHK
642,CHK^D
643,CHKR
644,CHSP
645,CPK
646,CVX
647,CHS
648,CIM
649,CIM^A
650,CIM^B
651,CIM^C
652,DL
653,CEA
654,CHN
655,CGA
656,LFC
657,CHL
658,BORN
659,COE
660,SNP
661,XRF
662,ZNH
663,CHA
664,CHU
665,CYD
666,CMG
667,CHH
668,CBK
669,CB
670,CHT
671,CHD
672,CCC
673,CCC.U
674,CCC.WS
675,CIEN
676,CI
677,XEC
678,CBB
679,CBB^B
680,CNK
681,CINR
682,CIR
683,CISN
684,CIT
685,BLW
686,C
687,C^J
688,C^K
689,C^L
690,C^N
691,C^S
692,CFG
693,CIA
694,CIO
695,CIO^A
696,CVEO
697,CIVI
698,CLH
699,CCO
700,EMO
701,CEM
702,CTR
703,CLW
704,CWEN
705,CWEN.A
706,CLF
707,CLPR
708,CLX
709,CLD
710,CLDR
711,CMS
712,CMS^B
713,CMSA
714,CMSC
715,CNA
716,CNF
717,CNHI
718,CNO
719,CEO
720,CNXM
721,CEIX
722,CNX
723,KOF
724,KO
725,CCEP
726,CDE
727,FOF
728,INB
729,CNS
730,UTF
731,LDP
732,MIE
733,RQI
734,RNP
735,PSF
736,RFI
737,CFX
738,CL
739,CCH
740,CCH.U
741,CCH.WS
742,CXE
743,CIF
744,CXH
745,CMU
746,CLNY
747,CLNY^B
748,CLNY^E
749,CLNY^G
750,CLNY^H
751,CLNY^I
752,CLNY^J
753,CLNC
754,CXP
755,STK
756,CCZ
757,CMA
758,FIX
759,CMC
760,CBU
761,CYH
762,CHCT
763,CIG
764,CIG.C
765,CBD
766,SBS
767,ELP
768,CCU
769,CODI
770,CODI^A
771,CODI^B
772,CMP
773,CRK
774,CAG
775,CXO
776,CCM
777,CNDT
778,COP
779,CCR
780,ED
781,STZ
782,STZ.B
783,CSTM
784,TCS
785,CBPX
786,CLR
787,VLRS
788,CTRA
789,CTB
790,CPS
791,CTK
792,CPA
793,CLB
794,CXW
795,CLGX
796,CORR
797,CORR^A
798,CPLG
799,COR
800,GLW
801,CAAP
802,GYC
803,CCT
804,OFC
805,CZZ
806,CMRE
807,CMRE^B
808,CMRE^C
809,CMRE^D
810,CMRE^E
811,COT
812,COTY
813,CUZ
814,CVA
815,CVIA
816,CPF
817,CPL
818,CR
819,CRD.A
820,CRD.B
821,BAP
822,CS
823,CPG
824,CEQP
825,CRH
826,CRT
827,CAPL
828,CCI
829,CCI^A
830,CCK
831,CRY
832,CSS
833,CTS
834,CUBE
835,CUB
836,CFR
837,CFR^A
838,CULP
839,CMI
840,CURO
841,CW
842,SRF
843,SRV
844,SZC
845,CWK
846,CUBI
847,CUBI^C
848,CUBI^D
849,CUBI^E
850,CUBI^F
851,CVI
852,UAN
853,CVRR
854,CVS
855,CELP
856,DHI
857,DAN
858,DHR
859,DAC
860,DQ
861,DRI
862,DAR
863,DVA
864,DCP
865,DCP^B
866,DCP^C
867,DF
868,DECK
869,DE
870,DEX
871,DDF
872,DKL
873,DK
874,DVMT
875,DLPH
876,DAL
877,DLX
878,DNR
879,DESP
880,DKT
881,DB
882,DXB
883,DVN
884,DHX
885,DHT
886,DEO
887,DO
888,DRH
889,DSX
890,DSX^B
891,DKS
892,DBD
893,DLR
894,DLR^C
895,DLR^G
896,DLR^H
897,DLR^I
898,DLR^J
899,DDS
900,DDT
901,DIN
902,DPLO
903,DFS
904,DNI
905,DLB
906,DG
907,DM
908,D
909,DCUD
910,DRUA
911,DPZ
912,UFS
913,DCI
914,DFIN
915,LPG
916,DSL
917,DBL
918,PLOW
919,DEI
920,DOV
921,DDE
922,DVD
923,DWDP
924,RDY
925,DRD
926,DCF
927,DHF
928,DMB
929,DSM
930,LEO
931,DRQ
932,DS
933,DS^B
934,DS^C
935,DS^D
936,DSW
937,DTE
938,DTJ
939,DTQ
940,DTV
941,DTW
942,DTY
943,DCO
944,DPG
945,DSE
946,DNP
947,DTF
948,DUC
949,DUK
950,DUKB
951,DUKH
952,DRE
953,DNB
954,DXC
955,DY
956,DLNG
957,DLNG^A
958,DLNG^B
959,DX
960,DX^A
961,DX^B
962,DD^A
963,DD^B
964,ELF
965,EGIF
966,EXP
967,ECC           
968,ECCA
969,ECCB
970,ECCX
971,ECCY
972,ESTE
973,DEA
974,EGP
975,EMN
976,KODK
977,ETN
978,ETV
979,ETW
980,EV
981,EOI
982,EOS
983,EFT
984,EFL
985,EFF
986,EHT
987,ETX           
988,EOT
989,EVN
990,ETJ
991,EFR
992,EVF
993,EVG
994,EVT
995,ETO
996,EXD
997,ETG
998,ETB
999,ETY
1000,EXG
1001,ECT
1002,ECR
1003,ECL
1004,EC
1005,EIX
1006,EW
1007,EHIC
1008,EP^C
1009,EE
1010,ELAN
1011,ESTC
1012,EGO
1013,ELVT
1014,LLY
1015,ELLI
1016,EFC
1017,EARN
1018,AKO.A
1019,AKO.B
1020,ERJ
1021,EME
1022,EEX
1023,EMES
1024,EBS
1025,EMR
1026,ESRT
1027,EIG
1028,EDN
1029,ENBL
1030,EEQ
1031,EEP
1032,ENB
1033,ENBA
1034,ECA
1035,EHC
1036,DAVA
1037,EXK
1038,ENIA
1039,ENIC
1040,EOCC
1041,ENR
1042,EPC
1043,ET
1044,ETP^C
1045,ETP^D
1046,ERF
1047,ENS
1048,EGL
1049,E
1050,ENLK
1051,ENLC
1052,EBF
1053,ENVA
1054,NPO
1055,ESV
1056,ETM
1057,EAB
1058,EAE
1059,EAI
1060,ETR
1061,ELC
1062,ELJ
1063,ELU
1064,EMP
1065,ENJ
1066,ENO
1067,EZT
1068,EPD
1069,EVC
1070,ENV
1071,EVA
1072,ENZ
1073,EOG
1074,EPE
1075,EPAM
1076,EPR
1077,EPR^C
1078,EPR^E
1079,EPR^G
1080,EQGP
1081,EQM
1082,EQT
1083,EFX
1084,EQNR
1085,ETRN
1086,EQC
1087,EQC^D
1088,ELS
1089,EQR
1090,EQS
1091,ERA
1092,EROS
1093,ESE
1094,ESNT
1095,EPRT
1096,ESS
1097,EL
1098,ESL
1099,ETH
1100,EURN
1101,EEA
1102,EB
1103,EVR
1104,RE
1105,EVRG
1106,EVRI
1107,ES
1108,EVTC
1109,EVH
1110,AQUA
1111,XAN
1112,XAN^C
1113,EXC
1114,EXPR
1115,EXTN
1116,EXR
1117,XOM
1118,FNB
1119,FNB^E
1120,FN
1121,FDS
1122,FICO
1123,SFUN
1124,FPAC
1125,FPAC.U
1126,FPAC.WS
1127,FTCH
1128,FPI
1129,FPI^B
1130,FBK
1131,FFG
1132,FCB
1133,AGM
1134,AGM.A
1135,AGM^A
1136,AGM^B
1137,AGM^C
1138,FRT
1139,FRT^C
1140,FSS
1141,FII
1142,FMN
1143,FDX
1144,RACE
1145,FGP
1146,FOE
1147,FG
1148,FG.WS
1149,FCAU
1150,FBR
1151,FNF
1152,FIS
1153,FMO
1154,FAF
1155,FBP
1156,FCF
1157,FDC
1158,FHN
1159,FHN^A
1160,FR
1161,AG
1162,FRC
1163,FRC^D
1164,FRC^E.CL
1165,FRC^F
1166,FRC^G
1167,FRC^H
1168,FRC^I
1169,FFA
1170,FMY
1171,FDEU
1172,FIF
1173,FSD
1174,FPF
1175,FEI           
1176,FPL
1177,FIV
1178,FCT
1179,FGB
1180,FEO
1181,FAM
1182,FE
1183,FIT
1184,FPH
1185,FBC
1186,DFP
1187,PFD
1188,PFO
1189,FFC
1190,FLC
1191,FLT
1192,FND
1193,FTK
1194,FLO
1195,FLS
1196,FLR
1197,FLY
1198,FMC
1199,FMX
1200,FL
1201,F
1202,FELP
1203,FCE.A
1204,FOR
1205,FTS
1206,FTV
1207,FTV^A
1208,FTAI
1209,FSM
1210,FBHS
1211,FET
1212,FBM
1213,FCPT
1214,FEDU
1215,FNV
1216,FC
1217,FSB
1218,BEN
1219,FT
1220,FI
1221,FCX
1222,FMS
1223,FDP
1224,RESI
1225,FRO
1226,FSIC
1227,FCN
1228,FTSI
1229,FF
1230,GCV
1231,GCV^B
1232,GDV
1233,GDV^A
1234,GDV^D
1235,GDV^G
1236,GAB
1237,GAB^D
1238,GAB^G
1239,GAB^H
1240,GAB^J
1241,GGZ
1242,GGZ^A
1243,GGT
1244,GGT^B
1245,GGT^E
1246,GUT
1247,GUT^A
1248,GUT^C
1249,GFA
1250,GCAP
1251,GBL
1252,GNT
1253,GNT^A
1254,GME
1255,GPS
1256,GDI
1257,GTX
1258,IT
1259,GLOG
1260,GLOG^A
1261,GLOP
1262,GLOP^A
1263,GLOP^B
1264,GLOP^C
1265,GTES
1266,GATX
1267,GMTA
1268,GZT
1269,GCP
1270,GNK
1271,GNRC
1272,GAM
1273,GAM^B
1274,GD
1275,GE
1276,GIS
1277,GM
1278,GM.WS.B
1279,GCO
1280,GWR
1281,GEL
1282,GEN           
1283,GNE
1284,GNE^A
1285,G
1286,GPC
1287,GNW
1288,GEO
1289,GPRK
1290,GPJA
1291,GGB
1292,GTY
1293,GIG
1294,GIG.U
1295,GIG.WS
1296,GIG~
1297,GIL
1298,GLT
1299,GKOS
1300,GSK
1301,BRSS
1302,CO
1303,GMRE
1304,GMRE^A
1305,GNL
1306,GNL^A
1307,GLP
1308,GLP^A
1309,GPN
1310,GSL
1311,GSL^B
1312,GLOB
1313,GMED
1314,GMS
1315,GNC
1316,GDDY
1317,GOL
1318,GFI
1319,GG
1320,GSBD
1321,GS
1322,GS^A
1323,GS^B
1324,GS^C
1325,GS^D
1326,GS^J
1327,GS^K
1328,GS^N
1329,GER
1330,GMZ
1331,GRC
1332,GPX
1333,GGG
1334,GRAF
1335,GRAF.U
1336,GRAF.WS
1337,EAF
1338,GHM
1339,GHC
1340,GRAM
1341,GVA
1342,GPMT
1343,GRP.U
1344,GPK
1345,GTN
1346,GTN.A
1347,AJX
1348,AJXA
1349,GWB
1350,GDOT
1351,GBX
1352,GHL
1353,GHG
1354,GEF
1355,GEF.B
1356,GFF
1357,GPI
1358,GRUB
1359,PAC
1360,ASR
1361,AVAL
1362,SUPV
1363,TV
1364,GSAH
1365,GSAH.U
1366,GSAH.WS
1367,GTT
1368,GSH
1369,GES
1370,GGM
1371,GPM
1372,GOF
1373,GBAB
1374,GWRE
1375,HRB
1376,FUL
1377,HAE
1378,HK
1379,HK.WS
1380,HAL
1381,HBB
1382,HBI
1383,HNGR
1384,HASI
1385,HOG
1386,HMY
1387,HRS
1388,HSC
1389,HHS
1390,HGH
1391,HIG
1392,HIG.WS
1393,HIG^G
1394,HVT
1395,HVT.A
1396,HE
1397,HE^U
1398,HCHC
1399,HCA
1400,HCI
1401,HCP
1402,HDB
1403,HR
1404,HTA
1405,HL
1406,HL^B
1407,HEI
1408,HEI.A
1409,HLX
1410,HP
1411,HLF
1412,HRI
1413,HCXY
1414,HCXZ
1415,HTGC
1416,HTGX
1417,HRTG
1418,HT
1419,HT^C
1420,HT^D
1421,HT^E
1422,HSY
1423,HTZ
1424,HES
1425,HES^A
1426,HESM
1427,HPE
1428,HXL
1429,HF
1430,HCLP
1431,PCF
1432,HFRO
1433,HPR
1434,HIW
1435,HIL
1436,HI
1437,HRC
1438,HTH
1439,HGV
1440,HLT
1441,HNI
1442,HMLP
1443,HMLP^A
1444,HEP
1445,HFC
1446,HD
1447,HMC
1448,HON
1449,HMN
1450,HZN
1451,HTFA
1452,HRL
1453,HOS
1454,HST
1455,HLI
1456,HOV
1457,HHC
1458,HPQ
1459,HSBC
1460,HSBC^A
1461,HMI
1462,HNP
1463,HUBB
1464,HUBS
1465,HBM
1466,HUD
1467,HPP
1468,HUM
1469,HCFT
1470,HCFT^A
1471,HII
1472,HUN
1473,HUYA
1474,H
1475,HY
1476,IAG
1477,IBN
1478,IDA
1479,IEX
1480,IDT
1481,ITW
1482,IMAX
1483,ICD
1484,IHC
1485,IRT
1486,IFN
1487,IBA
1488,INFY
1489,HIFR
1490,ING
1491,ISF
1492,ISG
1493,IR
1494,NGVT
1495,INGR
1496,IIPR
1497,IIPR^A
1498,IPHI
1499,INSI
1500,NSP
1501,INSP
1502,IBP
1503,INST
1504,ITGR
1505,I
1506,ICE
1507,IHG
1508,IBM
1509,IFF
1510,IFFT
1511,IGT
1512,IP
1513,INSW
1514,INSW^A
1515,IPG
1516,IPL^D
1517,INXN
1518,IPI
1519,IVC
1520,VBF
1521,VCV
1522,VTA
1523,IHIT
1524,IHTA
1525,VLT
1526,IVR
1527,IVR^B
1528,IVR^C
1529,IVR^A
1530,OIA
1531,VMO
1532,VKQ
1533,VPV
1534,IVZ
1535,IQI
1536,VVR
1537,VTN
1538,VGM
1539,IIM
1540,ITG
1541,IRET
1542,IRET^C
1543,NVTA
1544,INVH
1545,IO
1546,IQV
1547,IRM
1548,IRS
1549,ICL
1550,STAR          
1551,STAR^D
1552,STAR^G
1553,STAR^I
1554,ITCB
1555,ITUB
1556,ITT
1557,IVH
1558,JPM
1559,JPM^A
1560,JPM^B
1561,JPM^D
1562,JPM^E
1563,JPM^F
1564,JPM^G
1565,JPM^H
1566,JAX
1567,JILL
1568,JCP
1569,SJM
1570,JBL
1571,JEC
1572,JAG
1573,JHX
1574,JHG
1575,JOF
1576,JBGS
1577,JEF
1578,JELD
1579,JCAP
1580,JCAP^B
1581,JT
1582,JKS
1583,JMP
1584,JMPB
1585,JMPD
1586,JBT
1587,BTO
1588,HEQ
1589,JHS
1590,JHI
1591,HPF
1592,HPI
1593,HPS
1594,PDT
1595,HTD
1596,HTY
1597,JW.A
1598,JW.B
1599,JNJ
1600,JCI
1601,JLL
1602,JMEI
1603,JNPR
1604,JP
1605,JE
1606,JE^A
1607,LRN
1608,KAI
1609,KDMN
1610,KAMN
1611,KSU
1612,KSU^
1613,KAR
1614,KMF
1615,KYN
1616,KYN^F
1617,KB
1618,KBH
1619,KBR
1620,FRAC
1621,K
1622,KEM
1623,KMPA
1624,KMPR
1625,KMT
1626,KW
1627,KEN
1628,KDP
1629,KEG
1630,KEY
1631,KEY^I
1632,KEY^J
1633,KEYS
1634,KRC
1635,KRP
1636,KMB
1637,KIM
1638,KIM^I
1639,KIM^J
1640,KIM^K
1641,KIM^L
1642,KIM^M
1643,KMI
1644,KFS
1645,KGC
1646,KEX
1647,KL
1648,KRG
1649,KKR
1650,KKR^A
1651,KKR^B
1652,KIO
1653,KREF
1654,KNX
1655,KNL
1656,KNOP
1657,KN
1658,KSS
1659,PHG
1660,KOP
1661,KEP
1662,KF
1663,KFY
1664,KOS
1665,KRA
1666,KR
1667,KRO
1668,KT
1669,LB
1670,SCX
1671,LLL
1672,LH
1673,LADR
1674,LAIX
1675,LW
1676,LCI
1677,LPI
1678,LVS
1679,LHO
1680,LHO^I
1681,LHO^J
1682,LTM
1683,LGI
1684,LAZ
1685,LOR
1686,LZB
1687,LCII
1688,LEAF
1689,LEA
1690,LEE
1691,LGC
1692,LGC.U
1693,LGC.WS
1694,LM
1695,LMHA
1696,LMHB
1697,LEG
1698,JBK
1699,KTH
1700,KTN
1701,KTP
1702,LDOS
1703,LEJU
1704,LC
1705,LEN
1706,LEN.B
1707,LII
1708,LHC
1709,LHC.U
1710,LHC.WS
1711,LXP
1712,LXP^C
1713,LPL
1714,USA
1715,ASG
1716,LBRT
1717,LPT
1718,LSI
1719,LITB
1720,LNC
1721,LNC.WS
1722,LIN
1723,LNN
1724,LN
1725,LKM
1726,LGF.A
1727,LGF.B
1728,LAD
1729,LAC
1730,LYV
1731,LTHM
1732,RAMP
1733,LYG
1734,SCD
1735,LMT
1736,L
1737,LOMA
1738,LPX
1739,LOW
1740,LXU
1741,LKSD
1742,LTC
1743,LUB
1744,LL
1745,LXFR
1746,LXFT
1747,LDL
1748,WLH
1749,LYB
1750,MTB
1751,MTB.WS
1752,MTB^
1753,MTB^C
1754,MDC
1755,MHO
1756,MAC
1757,CLI
1758,MFD
1759,MGU
1760,MIC
1761,BMA
1762,M
1763,MCN
1764,MMP
1765,MGA
1766,MX
1767,MGY
1768,MGY.WS
1769,MH^A
1770,MH^C
1771,MH^D
1772,MHLA
1773,MHNC
1774,MAIN
1775,MMD
1776,MNK
1777,MANU
1778,MTW
1779,MN
1780,MAN
1781,MFC
1782,MRO
1783,MPC
1784,MMI
1785,MCS
1786,MPX
1787,HZO
1788,MKL
1789,VAC
1790,MMC
1791,MLM
1792,MAS
1793,DOOR
1794,MTZ
1795,MA
1796,MTDR
1797,MTRN
1798,MATX
1799,MLP
1800,MAXR
1801,MMS
1802,MXL
1803,MBI
1804,MKC
1805,MKC.V
1806,MDR
1807,MCD
1808,MUX
1809,MCK
1810,MDU
1811,MTL
1812,MTL^
1813,MRT
1814,MPW
1815,MED
1816,MCC
1817,MCV
1818,MCX
1819,MDLQ
1820,MDLX
1821,MDLY
1822,MD
1823,MDT
1824,MFAC
1825,MFAC.U
1826,MFAC.WS
1827,MRK
1828,MCY
1829,MDP
1830,MTH
1831,MTOR
1832,MER^K
1833,PIY
1834,MTR
1835,MSB
1836,MEI
1837,MET
1838,MET^A
1839,MET^E
1840,MCB
1841,MTD
1842,MXE
1843,MXF
1844,MFA
1845,MFA^B
1846,MFO
1847,MFCB
1848,MCR
1849,MGF
1850,MIN
1851,MMT
1852,MFM
1853,MFV
1854,MTG
1855,MGP
1856,MGM
1857,KORS
1858,MFGP
1859,MAA
1860,MAA^I
1861,MSL
1862,MPO
1863,MCRN
1864,MLR
1865,HIE
1866,MTX
1867,MG
1868,MUFG
1869,MIXT
1870,MFG
1871,MBT
1872,MODN
1873,MOD
1874,MC
1875,MHK
1876,MOH
1877,TAP
1878,TAP.A
1879,MNR
1880,MNR^C
1881,MCO
1882,MOG.A
1883,MOG.B
1884,MS
1885,MS^A
1886,MS^E
1887,MS^F
1888,MS^G
1889,MS^I
1890,MS^K
1891,APF
1892,CAF
1893,MSD
1894,EDD
1895,MSF
1896,IIF
1897,MOSC
1898,MOSC.U
1899,MOSC.WS
1900,MOS
1901,MSI
1902,MOV
1903,MPLX
1904,MRC
1905,HJV
1906,MSA
1907,MSM
1908,MSCI
1909,MSGN
1910,MLI
1911,MWA
1912,MVF
1913,MZA
1914,MUR
1915,MUSA
1916,MVO
1917,MVC
1918,MVCD
1919,MYE
1920,MYOV
1921,NBR
1922,NBR^A
1923,NC
1924,NTP
1925,NTEST
1926,NTEST.A
1927,NTEST.B
1928,NTEST.C
1929,NBHC
1930,NFG
1931,NGG
1932,NHI
1933,NOV
1934,NPK
1935,NNN
1936,NNN^E
1937,NNN^F
1938,SID
1939,NSA
1940,NSA^A
1941,NGS
1942,NGVC
1943,NRP
1944,NTZ
1945,NLS
1946,NCI
1947,NVGS
1948,NNA
1949,NM
1950,NM^G
1951,NM^H
1952,NAP
1953,NMM
1954,NAV
1955,NAV^D
1956,NCS
1957,NCR
1958,NP
1959,NNI
1960,NPTN
1961,NETS
1962,NVRO
1963,HYB
1964,NFC
1965,NFC.U
1966,NFC.WS
1967,GF
1968,NWHM
1969,IRL
1970,NEWM
1971,NMFC
1972,NMFX
1973,EDU
1974,NEWR
1975,NRZ
1976,SNR
1977,NYCB
1978,NYCB^A
1979,NYCB^U
1980,NYT
1981,NWL
1982,NFX
1983,NJR
1984,NEU
1985,NEM
1986,NR
1987,NEXA
1988,NXRT
1989,NHF
1990,NEP
1991,NEE
1992,NEE^I
1993,NEE^J
1994,NEE^K
1995,NEE^R
1996,NGL
1997,NGL^B
1998,NMK^B
1999,NMK^C
2000,NLSN
2001,NKE
2002,NINE
2003,NIO
2004,NI
2005,NL
2006,NOAH
2007,NE
2008,NBL
2009,NBLX
2010,NOK
2011,NOMD
2012,NMR
2013,OSB
2014,NAO
2015,NAT
2016,JWN
2017,NSC
2018,NOA
2019,NRT
2020,NOC
2021,NRE
2022,NWN
2023,NWE
2024,NCLH
2025,NVS
2026,NVO
2027,DNOW
2028,NRG
2029,NUS
2030,NUE
2031,NS
2032,NS^A
2033,NS^B
2034,NS^C
2035,NSS
2036,NTR
2037,JMLP
2038,NVG
2039,NUV
2040,NUW
2041,NEA
2042,NAZ
2043,NKX
2044,NCB
2045,NCA
2046,NAC
2047,NTC
2048,JCE
2049,JCO
2050,JQC
2051,JDD
2052,DIAX
2053,JEMD
2054,JMF
2055,NEV
2056,JFR
2057,JRO
2058,NKG
2059,JGH
2060,JHY
2061,JHD
2062,JHB
2063,NXC
2064,NXN
2065,NID
2066,NMY
2067,NMT
2068,NUM
2069,NMS
2070,NOM
2071,JLS
2072,JMM
2073,NHA
2074,NZF
2075,NMZ
2076,NMI
2077,NJV
2078,NXJ
2079,NRK
2080,NYV
2081,NNY
2082,NAN
2083,NNC
2084,NUO
2085,NPN
2086,NQP
2087,JPC
2088,JPS
2089,JPT
2090,JPI
2091,NAD
2092,JRI
2093,JRS
2094,BXMX
2095,SPXX
2096,NIM
2097,NXP
2098,NXQ
2099,NXR
2100,NSL
2101,JSD
2102,NBB
2103,JTD
2104,JTA
2105,NTX
2106,NPV
2107,NIQ
2108,JMT
2109,NVT
2110,NVR
2111,OAK
2112,OAK^A
2113,OAK^B
2114,OSLE
2115,OMP
2116,OAS
2117,OBE
2118,OXY
2119,OII
2120,OZM
2121,OCN
2122,OFG
2123,OFG^A
2124,OFG^B
2125,OFG^D
2126,OGE
2127,OIBR.C
2128,OIBR~
2129,OIS
2130,ODC
2131,ORI
2132,OLN
2133,OHI
2134,OMC
2135,OMN
2136,ONDK
2137,OGS
2138,OLP
2139,OMAD
2140,OMAD.U
2141,OMAD.WS
2142,OMF
2143,OKE
2144,ONE
2145,OOMA
2146,OPY
2147,ORCL
2148,ORAN
2149,ORC
2150,OEC
2151,ORN
2152,IX
2153,ORA
2154,OSK
2155,OR
2156,OUT
2157,OSG
2158,OMI
2159,OC
2160,OI
2161,OXM
2162,ROYT
2163,PCG
2164,PKG
2165,PAGS
2166,PANW
2167,PAM
2168,P
2169,PHX
2170,PARR
2171,PAR
2172,PGRE
2173,PKE
2174,PK
2175,PKD
2176,PH
2177,PE
2178,PRE^F
2179,PRE^G
2180,PRE^H
2181,PRE^I
2182,PRTY
2183,PAYC
2184,PBF
2185,PBFX
2186,BTU
2187,PSO
2188,PEB
2189,PEB^C
2190,PEB^D
2191,PBA
2192,PEI
2193,PEI^B
2194,PEI^C
2195,PEI^D
2196,PFSI
2197,PMT
2198,PMT^A
2199,PMT^B
2200,PAG
2201,PNR
2202,PEN
2203,PFGC
2204,PKI
2205,PBT
2206,PVL
2207,PRT
2208,PRGO
2209,PRSP
2210,PTR
2211,PBR
2212,PBR.A
2213,PFE
2214,GHY
2215,ISD
2216,PGTI
2217,PM
2218,PSX
2219,PSXP
2220,FENG
2221,DOC
2222,PDM
2223,PIR
2224,PCQ
2225,PCK
2226,PZC
2227,PCM
2228,PTY
2229,PCN
2230,PCI
2231,PDI
2232,PGP
2233,PHK
2234,PKO
2235,PFL
2236,PFN
2237,PMF
2238,PML
2239,PMX
2240,PNF
2241,PNI
2242,PYN
2243,RCS
2244,PNW
2245,PES
2246,PHD
2247,PHT
2248,MAV
2249,MHI
2250,PXD
2251,PJC
2252,PBI
2253,PBI^B
2254,PVTL
2255,PJT
2256,PAA
2257,PAGP
2258,PLNT
2259,PLT
2260,PAH
2261,AGS
2262,PHI
2263,PNC
2264,PNC.WS
2265,PNC^P
2266,PNC^Q
2267,PNM
2268,PII
2269,POL
2270,POR
2271,PKX
2272,POST
2273,PPDF
2274,PPG
2275,PPX
2276,PPL
2277,PYS
2278,PYT
2279,PQG
2280,PDS
2281,APTS
2282,PBH
2283,PVG
2284,PRI
2285,PGZ
2286,PRIF^A
2287,PRIF^B
2288,PRA
2289,PG
2290,PGR
2291,PLD
2292,PUMP
2293,PRO
2294,PBB
2295,PBY
2296,PB
2297,PRLB
2298,PFS
2299,PJH
2300,PRH
2301,PRS
2302,PRU
2303,PUK
2304,PUK^
2305,PUK^A
2306,PSB
2307,PSB^U
2308,PSB^V
2309,PSB^W
2310,PSB^X
2311,PSB^Y
2312,TLK
2313,PEG
2314,PSA
2315,PSA^A
2316,PSA^B
2317,PSA^C
2318,PSA^D
2319,PSA^E
2320,PSA^F
2321,PSA^G
2322,PSA^U
2323,PSA^V
2324,PSA^W
2325,PSA^X
2326,PSA^Y
2327,PSA^Z
2328,PHM
2329,PSTG
2330,PMM
2331,PIM
2332,PMO
2333,PPT
2334,NEW
2335,PVH
2336,PYX
2337,PZN
2338,QTWO
2339,QEP
2340,QGEN
2341,QTS
2342,QTS^A
2343,QTS^B
2344,QUAD
2345,KWR
2346,NX
2347,PWR
2348,QTM
2349,QD
2350,DGX
2351,QES
2352,QHC
2353,QUOT
2354,QVCD
2355,CTAA
2356,CTBB
2357,CTDD
2358,CTV
2359,CTY
2360,CTZ
2361,RRD
2362,RMED
2363,RDN
2364,RL
2365,RRC
2366,RNGR
2367,RJF
2368,RYAM
2369,RYAM^A
2370,RYN
2371,RTN
2372,RMAX
2373,RC
2374,RCA
2375,RCP
2376,RLGY
2377,O
2378,RHT
2379,RLH
2380,RWT
2381,RBC
2382,RWGE
2383,RWGE.U
2384,RWGE.WS
2385,RM
2386,RF
2387,RF^A
2388,RF^B
2389,RGS
2390,RGA
2391,RZA
2392,RZB
2393,RS
2394,RELX
2395,RNR
2396,RNR^C
2397,RNR^E
2398,RNR^F
2399,SOL
2400,RENN
2401,RSG
2402,REZI
2403,RMD
2404,REN           
2405,RFP
2406,QSR
2407,RPAI
2408,RVI
2409,REVG
2410,REV
2411,REX
2412,REXR
2413,REXR^A
2414,REXR^B
2415,RXN
2416,RXN^A
2417,RH
2418,RNG
2419,RIO
2420,RBA
2421,RAD
2422,RMPL^
2423,RMI
2424,RIV
2425,OPP
2426,RLI
2427,RLJ
2428,RLJ^A
2429,RRTS
2430,ROAN
2431,RHI
2432,ROK
2433,RCI
2434,ROG
2435,ROL
2436,ROP
2437,RST
2438,RDC
2439,RY
2440,RY^T
2441,RBS
2442,RCL
2443,RDS.A
2444,RDS.B
2445,RGT
2446,RMT
2447,RVT
2448,RES
2449,RPM
2450,RPT
2451,RPT^D
2452,RTW
2453,RTEC
2454,RYB
2455,R
2456,RYI
2457,RHP
2458,SPGI
2459,SBR
2460,SB
2461,SB^C
2462,SB^D
2463,SFE
2464,SAFE
2465,SAIL
2466,CRM
2467,SMM
2468,SBH
2469,SJT
2470,SN
2471,SD
2472,SDT
2473,SDR
2474,PER
2475,SNY
2476,SC
2477,SAP
2478,SAB
2479,SAF
2480,SAR
2481,SSL
2482,BFS
2483,BFS^C
2484,BFS^D
2485,SCG
2486,SLB
2487,SNDR
2488,SWM
2489,SAIC
2490,SALT
2491,SLTB
2492,SBBC
2493,SBNA
2494,STNG
2495,SMG
2496,KTF
2497,KSM
2498,SE
2499,SA
2500,CKH
2501,SMHI
2502,SDRL
2503,SDLP
2504,SEE
2505,SSW
2506,SSW^D
2507,SSW^E
2508,SSW^G
2509,SSW^H
2510,SSW^I
2511,SSWA
2512,SSWN
2513,SEAS
2514,JBN
2515,JBR
2516,WTTR
2517,SEM
2518,SGZA
2519,SEMG
2520,SMI
2521,SRE
2522,SRE^A
2523,SRE^B
2524,SEND
2525,ST
2526,SXT
2527,SQNS
2528,SRG
2529,SRG^A
2530,SCI
2531,SERV
2532,NOW
2533,SHAK
2534,SJR
2535,SHLX
2536,SHW
2537,SHG
2538,SFL
2539,SHOP
2540,SSTK
2541,SBGL
2542,SIG
2543,SBOW
2544,SPG
2545,SPG^J
2546,SSD
2547,SHI
2548,SITC
2549,SITC^A
2550,SITC^J
2551,SITC^K
2552,SITE
2553,SIX
2554,SJW
2555,SKM
2556,SKX
2557,SKY
2558,SLG
2559,SLG^I
2560,SM
2561,SFS
2562,SMAR
2563,SNN
2564,AOS
2565,SNAP
2566,SNA
2567,IPOA
2568,IPOA.U
2569,IPOA.WS
2570,SQM
2571,SOGO
2572,SOI
2573,SWI
2574,SAH
2575,SON
2576,SNE
2577,BID
2578,SOR
2579,SJI
2580,SJIU
2581,SXE
2582,SCE^G
2583,SCE^H
2584,SCE^J
2585,SCE^K
2586,SCE^L
2587,SO
2588,SOJA
2589,SOJB
2590,SOJC
2591,SCCO
2592,LUV
2593,SWX
2594,SWN
2595,SPAQ
2596,SPAQ.U
2597,SPAQ.WS
2598,SPA
2599,SPE
2600,SPE^B
2601,SEP
2602,SPB           
2603,TRK
2604,SR
2605,SPR
2606,SAVE
2607,SMTA
2608,SRC
2609,SRC^A
2610,SPOT
2611,SRLP
2612,S
2613,SPXC
2614,FLOW
2615,SQ
2616,JOE
2617,STAG
2618,STAG^C
2619,SSI
2620,SMP
2621,SXI
2622,SWJ
2623,SWK
2624,SWP
2625,STN
2626,SGU
2627,SRT
2628,STWD
2629,STT
2630,STT^C
2631,STT^D
2632,STT^E
2633,STT^G
2634,SPLP
2635,SPLP^A
2636,SCS
2637,SCA
2638,SCM
2639,SCL
2640,STE
2641,STL
2642,STL^A
2643,STC
2644,SF
2645,SF^A
2646,SFB
2647,STM
2648,EDF
2649,EDI
2650,STON
2651,SRI
2652,STOR
2653,GJH
2654,GJO
2655,GJS
2656,SYK
2657,MSC
2658,RGR
2659,SPH
2660,SMFG
2661,INN
2662,INN^D
2663,INN^E
2664,SUM
2665,SMLP
2666,SUI
2667,SLF
2668,SXCP
2669,SXC
2670,SU
2671,STG
2672,SUN
2673,SHO
2674,SHO^E
2675,SHO^F
2676,STI
2677,STI.WS.A
2678,STI^A
2679,SPN
2680,SUP
2681,SWZ
2682,SWCH
2683,SYF
2684,SNX
2685,SNV
2686,SNV^D
2687,GJP
2688,GJR
2689,GJT
2690,GJV
2691,SYY
2692,SYX
2693,DATA
2694,TAHO
2695,TLRD
2696,TWN
2697,TSM
2698,TAL
2699,TGE
2700,TALO
2701,SKT
2702,TPR
2703,NGLS^A
2704,TRGP
2705,TGT
2706,TARO
2707,TTM
2708,TCO
2709,TCO^J
2710,TCO^K
2711,TMHC
2712,TCP
2713,TCF
2714,TCF^D
2715,TSI
2716,TEL
2717,TISI
2718,FTI
2719,TECK
2720,TK
2721,TGP
2722,TGP^A
2723,TGP^B
2724,TOO
2725,TOO^A
2726,TOO^B
2727,TOO^E
2728,TNK
2729,GCI
2730,TGNA
2731,TRC
2732,HQH
2733,THQ
2734,HQL
2735,THW
2736,TDOC
2737,TLRA
2738,TEO
2739,TI
2740,TI.A
2741,TDY
2742,TFX
2743,VIV
2744,TEF
2745,TDA
2746,TDE
2747,TDI
2748,TDJ
2749,TDS
2750,TU
2751,TDF
2752,EMF
2753,TEI
2754,GIM
2755,TPX
2756,TS
2757,THC
2758,TNC
2759,TEN
2760,TVC
2761,TVE
2762,TDC
2763,TEX
2764,TX
2765,TRNO
2766,TTI
2767,TEVA
2768,TPL
2769,TGH
2770,TXT
2771,AES
2772,BX
2773,CEE
2774,SCHW
2775,SCHW^C
2776,SCHW^D
2777,COO
2778,GRX
2779,GRX^A
2780,GRX^B
2781,GDL
2782,GDL^C
2783,THG
2784,THGA
2785,MSG
2786,RUBI
2787,TRV
2788,VAM
2789,TMO
2790,THR
2791,TPRE
2792,TSLF
2793,TCRW
2794,TCRZ
2795,TRI
2796,THO
2797,TDW
2798,TDW.WS.A
2799,TDW.WS.B
2800,TIER
2801,TIF
2802,TLYS
2803,TSU
2804,TKR
2805,TMST
2806,TWI
2807,TJX
2808,TOL
2809,TR
2810,BLD
2811,TMK
2812,TMK^C
2813,TTC
2814,TD
2815,NDP
2816,TYG
2817,NTG
2818,TTP
2819,TPZ
2820,TOT
2821,TSS
2822,TOWR
2823,TSQ
2824,TM
2825,TPGH
2826,TPGH.U
2827,TPGH.WS
2828,TRTX
2829,TSLX
2830,TAC
2831,TRP
2832,TCI
2833,TDG
2834,TLP
2835,RIG
2836,TGS
2837,TRU
2838,TVPT
2839,TREC
2840,TG
2841,THS
2842,TREX
2843,TY
2844,TY^
2845,TPH
2846,TRCO
2847,TNET
2848,TRN
2849,TSE
2850,TPVG
2851,TPVY
2852,GTS
2853,TRTN
2854,TGI
2855,TROX
2856,TBI
2857,TNP
2858,TNP^B
2859,TNP^C
2860,TNP^D
2861,TNP^E
2862,TNP^F
2863,TUP
2864,TKC
2865,TPB
2866,TRQ
2867,TPC
2868,TWLO
2869,TWTR
2870,TWO
2871,TWO^A
2872,TWO^B
2873,TWO^C
2874,TWO^D
2875,TWO^E
2876,TYL
2877,TSN
2878,USB
2879,USB^A
2880,USB^H
2881,USB^M
2882,USB^O
2883,USB^P
2884,USPH
2885,SLCA
2886,USX
2887,UBS
2888,UDR
2889,UGI
2890,UGP
2891,UMH
2892,UMH^B
2893,UMH^C
2894,UMH^D
2895,UA
2896,UAA
2897,UFI
2898,UNF
2899,UN
2900,UL
2901,LTN
2902,LTN.U
2903,LTN.WS
2904,LTN~
2905,UNP
2906,UIS
2907,UNT
2908,UMC
2909,UPS
2910,URI
2911,USM
2912,UZA
2913,UZB
2914,UZC
2915,X
2916,UTX
2917,UNH
2918,UTL
2919,UNVR
2920,UVV
2921,UHT
2922,UHS
2923,UVE
2924,UTI
2925,UNM
2926,UNMA
2927,UE
2928,UBA
2929,UBP
2930,UBP^G
2931,UBP^H
2932,USFD
2933,USAC
2934,USNA
2935,USDP
2936,USG
2937,BIF
2938,VFC
2939,EGY
2940,MTN
2941,VALE
2942,VLO
2943,VLP
2944,VHI
2945,VMI
2946,VVV
2947,VAPO
2948,VAR
2949,VGR
2950,VVC
2951,VEC
2952,VEDL
2953,VEEV
2954,VNTR
2955,VTRB
2956,VTR
2957,VNE
2958,VER
2959,VER^F
2960,VRTV
2961,VZ
2962,VZA
2963,VET
2964,VRS
2965,VSM
2966,VVI
2967,VICI
2968,VNCE
2969,VIPS
2970,ZTR
2971,VGI
2972,ZF
2973,V
2974,VSH
2975,VPG
2976,VSTO
2977,DYNC
2978,VST
2979,VST.WS.A
2980,VSI
2981,VSLR
2982,VMW
2983,VOC
2984,VCRA
2985,VG
2986,VNO
2987,VNO^K
2988,VNO^L
2989,VNO^M
2990,VJET
2991,IAE
2992,IHD
2993,VOYA
2994,IGA
2995,IGD
2996,IDE
2997,IID
2998,IRR
2999,PPR
3000,VMC
3001,WTI
3002,WPC
3003,WRB
3004,WRB^B
3005,WRB^C
3006,WRB^D
3007,WRB^E
3008,GRA
3009,GWW
3010,WNC
3011,WBC
3012,WDR
3013,WAGE
3014,WD
3015,WMT
3016,DIS
3017,HCC
3018,WPG
3019,WPG^H
3020,WPG^I
3021,WRE
3022,WCN
3023,WM
3024,WAT
3025,WSO
3026,WSO.B
3027,WTS
3028,W
3029,WFT
3030,WBS
3031,WBS^F
3032,WEC
3033,WEI
3034,WRI
3035,WMK
3036,WBT
3037,WCG
3038,WFC
3039,WFC^L
3040,WFC^N
3041,WFC^O
3042,WFC^P
3043,WFC^Q
3044,WFC^R
3045,WFC^T
3046,WFC^V
3047,WFC^W
3048,WFC^X
3049,WFC^Y
3050,WFE^A
3051,EOD
3052,WELL
3053,WELL^I
3054,WAIR
3055,WCC
3056,WST
3057,WAL
3058,WALA
3059,WEA
3060,TLI
3061,EMD
3062,GDO
3063,EHI
3064,HIX
3065,HIO
3066,HYI
3067,SBI
3068,IGI
3069,PAI
3070,MMU
3071,WMC
3072,DMO
3073,MTT
3074,MHF
3075,MNP
3076,GFY
3077,WIW
3078,WIA
3079,WGP
3080,WES
3081,WU
3082,WAB
3083,WLK
3084,WLKP
3085,WBK
3086,WRK
3087,WHG
3088,WEX
3089,WY
3090,WPM
3091,WHR
3092,WTM
3093,WSR
3094,WLL
3095,WOW
3096,WRD
3097,WMB
3098,WSM
3099,WGO
3100,WIT
3101,WNS
3102,WWW
3103,WF
3104,WK
3105,INT
3106,WWE
3107,WP
3108,WOR
3109,WPP
3110,WPX
3111,WYND
3112,WH
3113,XYF
3114,XFLT
3115,XHR
3116,XRX
3117,XIN
3118,XOXO
3119,XPO
3120,XYL
3121,AUY
3122,YELP
3123,YETI
3124,YEXT
3125,YRD
3126,YPF
3127,YUMC
3128,YUM
3129,ZAYO
3130,ZEN
3131,ZBH
3132,ZB^A
3133,ZB^G
3134,ZB^H
3135,ZBK
3136,ZTS
3137,ZTO
3138,ZUO
3139,ZYME
